full_date,customer_id,customer_name,total_quantity,total_sales
1/1/2020,259,Johnathan Velazquez,8,10231
1/1/2020,1212,Jaqueline Cummings,3,1698
1/2/2020,523,Joshua Robertson,2,1520
1/3/2020,175,Nova Hess,2,1350
1/3/2020,1324,Arla Ellis,4,3900
1/4/2020,94,Sharyn Hopkins,8,9442
1/4/2020,324,Laureen Paul,4,2165
1/4/2020,1204,Leslie Higgins,3,1372
1/5/2020,60,Neil Mccall,2,7200
1/5/2020,442,Alane Munoz,1,243
1/5/2020,1326,Tarra Guerrero,5,3156
1/6/2020,91,Marvin Mullins,3,6817
1/7/2020,732,Lavona Austin,6,8975
1/7/2020,1130,Benny Bender,2,502
1/8/2020,873,Patience Clayton,7,3278
1/9/2020,258,Maribel William,1,437
1/9/2020,450,Ellsworth Michael,7,4030
1/12/2020,552,Lea Key,5,2450
1/12/2020,1175,Sindy Anderson,5,4093
1/14/2020,541,Lanita Burton,8,11406
1/14/2020,696,Norine Huffman,3,6241
1/14/2020,923,Randee Pitts,3,5671
1/15/2020,1250,Neoma Daugherty,3,2083
1/16/2020,1035,Tangela Hurley,3,1104
1/16/2020,1149,Drucilla Gilliam,5,6266
1/18/2020,636,Ashton Lott,4,2635
1/18/2020,657,Sam Lester,7,3633
1/18/2020,1280,Jackeline Colon,5,5342
1/19/2020,57,Pamala Henry,5,4206
1/19/2020,252,Eleni Gordon,6,8587
1/20/2020,437,Laureen Barry,8,3860
1/20/2020,1238,Edgar Quinn,4,7994
1/20/2020,1348,Yvone Guerrero,6,11183
1/21/2020,236,Verona O'neill,3,4158
1/21/2020,1259,Kimbery Nieves,6,5271
1/22/2020,80,Sarai Mckee,6,6823
1/22/2020,813,Neville Mcclain,7,3377
1/23/2020,132,Boyd Irwin,4,5645
1/25/2020,164,Tomika Larson,2,1140
1/25/2020,583,Lashandra Turner,7,11579
1/25/2020,1296,Travis Whitley,7,3769
1/27/2020,348,Darren Witt,3,3223
1/27/2020,979,Ingeborg Ellison,5,2867
1/27/2020,1095,Corene Swanson,1,427
1/27/2020,1434,Elana Miles,4,1531
1/28/2020,861,Olympia Figueroa,2,4170
1/28/2020,1220,Carissa Cross,5,5404
1/29/2020,746,Eldridge Greer,1,386
1/29/2020,1234,Joshua Berg,5,2069
1/30/2020,1012,Josephine Dale,6,6713
1/31/2020,87,Yan Mcgowan,5,2498
1/31/2020,608,Taisha Vang,2,502
2/1/2020,1047,Jamaal Baker,4,1786
2/3/2020,767,Twana Arnold,1,465
2/3/2020,965,Margit Osborn,8,4782
2/4/2020,535,Inge Olsen,3,1760
2/4/2020,1173,Chanel May,5,1904
2/4/2020,1241,Nathaniel Davidson,2,1116
2/4/2020,1305,Dalia Carson,5,1509
2/5/2020,504,Tiana Henderson,4,1201
2/5/2020,563,Rodney Odom,4,1704
2/6/2020,151,Joesph Delacruz,5,3832
2/6/2020,277,Mark Garrett,5,3571
2/7/2020,208,Denis Logan,5,3977
2/7/2020,1075,Dann Huff,5,2653
2/7/2020,1185,Corine Stuart,8,2802
2/8/2020,996,Serafina Clemons,1,495
2/9/2020,526,Lazaro Moran,8,4423
2/9/2020,1253,Susannah Fields,3,1390
2/10/2020,38,Zelma Browning,3,888
2/10/2020,1413,Ophelia Decker,4,3014
2/11/2020,50,Cleotilde Booth,4,2829
2/11/2020,797,Cathey Lamb,4,1984
2/12/2020,612,Gabriel Wagner,8,4196
2/12/2020,1386,Cesar Wilkins,5,1806
2/13/2020,264,Mariela Huffman,3,1577
2/14/2020,587,Euna Lopez,4,8764
2/16/2020,9,Genoveva Baldwin,4,4777
2/16/2020,385,Rochelle Ward,5,2428
2/16/2020,1182,Trinidad Chapman,6,2052
2/17/2020,397,Jeannie Wilcox,3,1378
2/17/2020,521,Max Charles,6,3998
2/17/2020,529,Ellena Clements,7,7568
2/18/2020,1223,Bronwyn Vargas,4,3590
2/19/2020,393,Gertrude Terry,3,2380
2/20/2020,317,Christia Wilkins,4,1544
2/20/2020,1174,Aaron Knapp,3,5928
2/21/2020,276,Lavette Wright,7,6867
2/21/2020,516,Rosa Kinney,4,1500
2/21/2020,668,Calandra Stanton,3,2101
2/21/2020,1069,Rodolfo Buck,4,8281
2/23/2020,414,Romaine Haley,2,1337
2/25/2020,648,Catrice Hicks,6,3476
2/25/2020,1309,Kimberli Cline,1,1620
2/26/2020,1328,Cindie Franklin,7,4634
2/27/2020,218,Casey Gill,7,6902
2/27/2020,929,Thurman Ellis,5,4689
2/27/2020,1094,Keitha Black,2,825
2/28/2020,20,Aleta Shepard,6,2814
2/28/2020,1194,Leticia Snyder,5,1693
2/29/2020,1165,Rikki Morrow,8,9302
3/1/2020,271,Katheleen Marks,2,880
3/1/2020,1237,Luke Kramer,10,12421
3/2/2020,336,Trisha Johnson,2,755
3/3/2020,72,Petronila Norris,3,1378
3/3/2020,306,Vikki Erickson,4,6490
3/3/2020,991,Brigida Larson,7,8062
3/4/2020,422,Valery Saunders,3,872
3/6/2020,12,Robby Sykes,5,3155
3/6/2020,633,Kiara Deleon,3,845
3/6/2020,677,Launa Hull,1,243
3/6/2020,1255,Ben Stone,3,923
3/7/2020,630,Zulema Browning,3,1266
3/8/2020,469,Micki Rutledge,7,3512
3/8/2020,1078,Theresia Barron,8,4804
3/8/2020,1431,Mark Benton,4,1706
3/9/2020,1369,Starr Schneider,2,620
3/10/2020,471,Burma Summers,1,570
3/10/2020,740,Gwenn Melton,5,1645
3/12/2020,577,Danille Mcfarland,7,5910
3/12/2020,925,Bryce Monroe,1,475
3/14/2020,327,Sharie Alvarez,9,5717
3/14/2020,755,Tomika Wilder,9,9211
3/14/2020,786,Wallace Lane,1,540
3/15/2020,766,Lecia Hancock,2,990
3/16/2020,403,Elouise Fry,4,10867
3/16/2020,685,Laverne Craft,1,386
3/16/2020,1365,Shenna Espinoza,2,5700
3/17/2020,484,Chelsey Boyd,4,6333
3/18/2020,8,Jacquline Duncan,8,8310
3/19/2020,84,Armand Whitehead,2,3104
3/19/2020,316,Hortencia Graham,6,6816
3/19/2020,1049,Marcelino Mcbride,3,3027
3/20/2020,409,Jerome Bolton,3,729
3/20/2020,461,Effie Jenkins,4,4695
3/20/2020,679,Tuan Wolfe,6,3038
3/21/2020,1192,Gena Owens,4,8300
3/21/2020,1354,Alexandria Zamora,6,4475
3/23/2020,370,Jina Cooper,2,522
3/23/2020,438,Katharine Herrera,3,1456
3/23/2020,710,Ezra Silva,3,1765
3/23/2020,1264,Devin Velazquez,5,2470
3/25/2020,557,Erlene Cook,1,359
3/26/2020,170,Regine Gonzales,5,4523
3/26/2020,693,Merlin Foreman,1,376
3/26/2020,1124,Hubert Reilly,2,3420
3/27/2020,366,Lavonne Anderson,3,6745
3/28/2020,55,Diana Guerra,2,960
3/28/2020,288,Keturah Massey,8,4765
3/28/2020,714,Senaida Thompson,1,256
3/28/2020,763,Han Schneider,4,1525
3/29/2020,7,Latasha Hays,6,2300
3/29/2020,332,Reena Higgins,5,5729
3/29/2020,926,Katina Mcintosh,2,926
3/30/2020,498,Edda Young,4,3239
3/31/2020,1286,Dione Pratt,1,495
4/2/2020,371,Loni Duncan,1,1620
4/3/2020,43,Mozelle Carter,3,10050
4/3/2020,357,Sheri Cole,5,1971
4/4/2020,3,Tameka Fisher,1,216
4/4/2020,117,Dacia William,1,495
4/4/2020,205,Harris Pittman,6,3642
4/4/2020,251,Kasie Rodriquez,5,8879
4/6/2020,31,Williemae Holloway,5,2720
4/6/2020,1325,Magdalena Sherman,2,854
4/7/2020,610,Leonore Dorsey,5,8696
4/7/2020,885,Janna Hayden,7,4625
4/7/2020,1245,Gabriela Warren,7,7346
4/7/2020,1425,Justina Jenkins,2,4640
4/8/2020,338,Abbey Pugh,3,4133
4/8/2020,574,Adriene Rivera,4,6462
4/8/2020,1034,Rico Salas,6,9875
4/9/2020,1147,Kandace Ayers,7,5005
4/10/2020,99,Carie Kidd,7,5432
4/10/2020,1200,Aubrey Durham,6,5566
4/11/2020,117,Dacia William,4,1876
4/11/2020,237,Elvera Peck,1,1710
4/11/2020,1079,Cindi Ellis,2,759
4/12/2020,136,Sarita Parks,4,1240
4/13/2020,95,Letitia Franco,6,3292
4/15/2020,643,Melba Wilkinson,6,5225
4/16/2020,121,Lucy Woods,2,1080
4/16/2020,756,Graig Roth,5,4318
4/17/2020,616,Shery Acosta,8,3372
4/17/2020,918,Kristel Bullock,1,558
4/18/2020,459,Latosha Dalton,6,4877
4/18/2020,854,Phylis Adkins,4,1973
4/19/2020,22,Adelle Larsen,6,4551
4/19/2020,134,Brianna Moss,3,3752
4/20/2020,241,Manie Sanchez,2,2250
4/21/2020,1127,Waldo Hart,2,3033
4/22/2020,183,Jeniffer Ratliff,1,1255
4/22/2020,390,Lorrie Pollard,2,7440
4/23/2020,98,Violet Valenzuela,4,2546
4/23/2020,1288,Allie Conley,2,960
4/27/2020,728,Viva Dawson,8,7919
4/27/2020,919,Ruthanne Hoover,7,5990
4/28/2020,558,Carroll Kelly,2,432
4/28/2020,727,Kasha Sullivan,8,7855
4/28/2020,1247,Tammie Cherry,7,6239
4/28/2020,1366,Trena Rogers,2,990
4/30/2020,127,Erlinda Nielsen,4,6035
5/1/2020,280,Brenda Tate,5,4616
5/1/2020,640,Allison Nolan,9,5809
5/1/2020,760,Marisa Chambers,5,4105
5/1/2020,1074,Lanelle Guerra,4,1072
5/3/2020,600,Joi Reeves,6,4038
5/3/2020,1102,Henrietta Wagner,7,3892
5/4/2020,591,Danilo Holmes,4,1646
5/4/2020,635,Myrtie James,4,1503
5/4/2020,743,Tania Swanson,2,955
5/5/2020,105,Marget Hodge,7,12462
5/6/2020,815,Leanna Manning,8,10620
5/7/2020,281,Rayna Perry,4,5672
5/7/2020,514,Clarita Curry,1,243
5/7/2020,943,Lynn Mcmahon,3,683
5/7/2020,1140,Penney Hall,3,2836
5/7/2020,1205,Emmaline Huber,7,10564
5/8/2020,788,Lilliam Nolan,1,243
5/8/2020,1373,Lanora Robbins,6,5600
5/10/2020,363,Kaci Gallegos,1,243
5/10/2020,1420,Kelsey Noble,3,1408
5/11/2020,267,Angelina Lloyd,4,1626
5/11/2020,716,Sebrina Hart,4,3591
5/12/2020,1179,Vernetta Banks,4,2124
5/12/2020,1338,Inez Snider,2,1627
5/12/2020,1358,Noble Glover,7,3444
5/13/2020,512,Hee Greer,3,2744
5/13/2020,1218,Donovan Cantrell,2,3127
5/15/2020,1368,Veronique Fulton,7,10216
5/17/2020,157,Carola Rodriquez,6,6416
5/17/2020,307,Fransisca Nicholson,2,2943
5/17/2020,489,Kirstie Vazquez,4,2854
5/17/2020,501,Tony Hicks,1,712
5/17/2020,615,Jamika Blanchard,7,4911
5/19/2020,742,Evelina Manning,5,4618
5/19/2020,1167,Ryan Carter,2,3127
5/19/2020,1257,Rosamaria Meyer,6,5894
5/20/2020,1360,Latashia Travis,7,7967
5/21/2020,737,Melita Dominguez,6,2749
5/22/2020,1435,Merrie Fowler,7,8070
5/24/2020,649,Eli Contreras,5,8550
5/25/2020,206,Stephaine Riddle,6,8430
5/25/2020,1351,Carman Hardy,5,2465
5/26/2020,1350,Annett Rush,8,6090
5/27/2020,13,Lashawn Ortiz,7,7405
5/27/2020,65,Kanesha Vega,5,6528
5/27/2020,802,Barrett Sanders,6,9385
5/27/2020,1082,Divina Madden,1,3200
5/27/2020,1168,Almeta Benjamin,1,800
5/28/2020,956,Venus Hewitt,3,1061
5/29/2020,223,Scarlet Yates,3,4563
5/30/2020,17,Caren Stephens,2,686
5/30/2020,928,Joann Barber,2,1265
5/30/2020,1376,Kimberley Reynolds,5,4109
6/1/2020,145,Miquel Neal,5,8696
6/1/2020,150,Weldon Michael,4,3841
6/1/2020,663,Alissa Hood,4,6127
6/1/2020,851,Arlena Buckner,4,993
6/2/2020,1267,Earline Gordon,2,3127
6/3/2020,510,Faustino Delacruz,4,2347
6/3/2020,801,Ophelia Rodgers,6,4045
6/4/2020,26,Theo Reese,2,1769
6/5/2020,1314,Joeann Garrison,7,7045
6/6/2020,107,Cecil Hopper,5,6961
6/6/2020,413,Ginette Edwards,6,5226
6/6/2020,632,Yvette Rogers,5,2599
6/7/2020,17,Caren Stephens,2,689
6/7/2020,1375,Carlena Salinas,6,2915
6/8/2020,579,Matilda Larson,3,6397
6/8/2020,1045,Pasquale Hogan,5,2155
6/9/2020,1322,Ai Forbes,4,5015
6/10/2020,5,Charolette Rice,7,5098
6/10/2020,682,Arnita Thomas,2,4800
6/10/2020,933,Lurline Rivers,4,1708
6/11/2020,282,Randolph Chase,8,9163
6/11/2020,540,Shery Randolph,4,7252
6/12/2020,764,Terrell Mathis,5,3163
6/12/2020,879,Ethelyn Ray,3,1277
6/13/2020,350,Christoper Mccall,7,11463
6/15/2020,497,Ezra Fowler,3,2958
6/16/2020,1340,Tona Velasquez,1,243
6/17/2020,411,Octavia Case,6,9674
6/17/2020,1341,Rozanne Reyes,4,8477
6/18/2020,1227,Magali Dixon,5,7588
6/19/2020,546,Thad Castro,6,2198
6/20/2020,1301,Raven Curtis,6,4693
6/21/2020,378,Rosalba O'neal,1,465
6/21/2020,638,Tomeka Higgins,4,1832
6/21/2020,800,Cris Dunn,5,8177
6/22/2020,159,Regina Burns,7,11014
6/23/2020,181,Olevia Pitts,3,3810
6/23/2020,1356,Inger Jennings,3,1360
6/25/2020,59,Latasha Stanley,7,6142
6/25/2020,133,Delbert Wilkins,4,3811
6/25/2020,319,Justin Newton,4,2337
6/25/2020,780,Ouida Gregory,4,11314
6/27/2020,849,Phyllis Hill,3,1034
6/28/2020,202,Marni Bolton,5,4095
6/29/2020,158,Alane Kennedy,4,1395
6/29/2020,360,Van Peters,5,6448
6/30/2020,573,Rubye Mccall,3,1229
7/7/2020,36,Bernita Mcdaniel,4,4465
7/7/2020,230,Chelsey Hardin,4,9212
7/7/2020,705,Camille Harvey,4,3464
7/13/2020,299,Jame Riggs,6,2687
7/14/2020,565,Dagny Owen,3,5578
7/15/2020,1019,Janie Herrera,6,11950
7/16/2020,1263,Rufina Chandler,2,4045
7/17/2020,670,Shawnda Glover,7,3587
7/17/2020,795,Mariam Miranda,5,2431
7/17/2020,1141,Mallie Osborn,5,4136
7/18/2020,941,Danyell Dickerson,5,3018
7/19/2020,568,Arcelia Vinson,7,6480
7/19/2020,924,Lea Irwin,3,683
7/19/2020,1243,Heide Reed,4,1582
7/19/2020,1428,Carola Johns,1,675
7/20/2020,480,Garland Weaver,7,3074
7/20/2020,848,Ernestina Skinner,4,4992
7/20/2020,1337,Bernetta Summers,2,774
7/21/2020,83,Tiesha Daniel,4,4029
7/23/2020,528,Angele Schroeder,2,846
7/24/2020,274,Josh Shaw,8,5701
7/24/2020,622,Gabriel Pitts,2,513
7/24/2020,642,Yang Roth,2,772
7/24/2020,659,Antonetta Rocha,2,853
7/25/2020,779,Major Merrill,5,5055
7/25/2020,1112,Hollis Rasmussen,5,5710
7/25/2020,1193,Phebe Soto,4,2024
7/26/2020,1030,Saran Moses,2,3050
7/26/2020,1252,Adriene Rollins,2,3182
7/28/2020,1110,Shirely Cantrell,3,1250
7/28/2020,1333,Omega Huff,7,8534
7/29/2020,963,Anisha Lang,8,6417
7/31/2020,806,Reyes Merritt,4,4038
7/31/2020,961,Iva Wilcox,6,5339
7/31/2020,1357,Karren Lamb,2,570
8/1/2020,584,Lynne Anderson,6,2091
8/1/2020,750,Romaine Salazar,4,1308
8/1/2020,1299,Shauna Edwards,4,1831
8/2/2020,907,Daina Sampson,4,3496
8/2/2020,1004,Jerald Blackwell,1,279
8/3/2020,16,Emmitt Sanchez,2,1561
8/3/2020,31,Williemae Holloway,4,2381
8/3/2020,301,Annett Garrett,2,960
8/3/2020,551,Jenine Crane,2,643
8/3/2020,1011,Sebrina Gross,3,1042
8/3/2020,1307,Cinda Rocha,7,7482
8/3/2020,1387,Phylicia Stout,2,1200
8/4/2020,1189,Sheila Goodman,4,3581
8/5/2020,14,Garry Espinoza,6,4679
8/5/2020,1042,Larissa Hays,8,5588
8/7/2020,441,Dorthea Walker,6,12966
8/7/2020,1300,Clorinda Donovan,6,7933
8/8/2020,994,Demarcus Reese,5,3404
8/9/2020,187,Hedwig Paul,1,697
8/13/2020,981,Christel Cardenas,2,1023
8/13/2020,1054,Arielle Levine,4,3900
8/14/2020,527,Afton Juarez,5,4280
8/14/2020,995,Amina Salazar,6,4448
8/15/2020,758,Raymonde Garcia,4,6170
8/15/2020,891,Ashlie Parrish,2,656
8/15/2020,1285,Garth Huff,2,2881
8/16/2020,132,Boyd Irwin,4,3272
8/16/2020,337,Majorie Wyatt,7,5119
8/17/2020,475,Alec Peck,2,1140
8/17/2020,536,Christiane Bradford,8,8377
8/17/2020,825,Kristel Byrd,4,1935
8/17/2020,1313,Dante Grimes,2,5114
8/17/2020,1355,Thad Gilliam,2,1961
8/18/2020,954,Hassan Nash,2,3270
8/19/2020,1156,Han Wade,3,3764
8/19/2020,1297,Vanessa West,2,502
8/20/2020,199,Clelia Workman,3,4571
8/20/2020,331,Aleta Mack,7,1930
8/20/2020,410,Conception Slater,6,5479
8/20/2020,451,Jennette Wooten,1,359
8/20/2020,1274,Odette Moses,5,7791
8/20/2020,1362,Christiana Gross,5,4300
8/21/2020,1080,Mirella Duffy,6,3431
8/22/2020,53,Saturnina Garner,7,8281
8/22/2020,576,Shirely Stanley,4,10575
8/23/2020,61,Elinore Aguilar,5,4811
8/23/2020,176,Carley Reynolds,4,2386
8/25/2020,368,Alysha Powers,2,752
8/26/2020,144,Hans Price,1,256
8/26/2020,522,Tammera Fischer,4,1197
8/27/2020,542,Timothy Byers,4,2502
8/28/2020,1437,Son Warner,1,3800
8/29/2020,447,Chasidy Tran,6,5081
8/29/2020,1001,Lee Roman,4,3912
8/29/2020,1295,Alline Beasley,5,5023
8/30/2020,103,Sylvie Wilkerson,3,2718
8/30/2020,1335,Corina Lynch,4,2673
8/31/2020,396,Laverna Hernandez,5,4700
8/31/2020,578,Salena Day,7,8343
8/31/2020,603,Genevieve Juarez,6,4890
8/31/2020,1380,Eliz Lynch,1,2320
9/1/2020,77,Keri Bridges,2,1735
9/1/2020,416,Luke Fuller,4,1709
9/1/2020,1071,Shemeka Lyons,6,3371
9/1/2020,1151,Herminia Reyes,5,7140
9/2/2020,261,Ferne Kline,3,1837
9/2/2020,717,Kristofer Craig,4,6660
9/2/2020,1202,Carmina Emerson,3,4498
9/3/2020,917,Vernia Madden,2,5220
9/3/2020,1265,Bonita Marshall,6,3360
9/3/2020,1377,Johana Jacobson,3,997
9/4/2020,14,Garry Espinoza,1,2850
9/4/2020,88,Titus Bullock,2,1092
9/4/2020,359,Angie Powers,4,1990
9/5/2020,240,Le Deleon,9,6611
9/5/2020,721,Erlinda Osborne,6,3540
9/6/2020,398,Suellen Mercado,2,1140
9/6/2020,1397,Dewayne Herring,6,4921
9/7/2020,424,Charleen Hurst,2,1490
9/7/2020,695,Christoper Gould,2,1007
9/8/2020,67,Tommie Melton,2,689
9/8/2020,843,Tessie Farmer,4,1352
9/8/2020,944,Tonja Henderson,3,1964
9/9/2020,434,Douglass Little,6,3093
9/9/2020,1039,Bee Baker,3,2330
9/10/2020,153,Laraine Robbins,7,10187
9/11/2020,272,Deja Chaney,8,8561
9/11/2020,1217,Carlie Terrell,7,2134
9/12/2020,169,Karla Kirk,4,10078
9/12/2020,1062,Jerri Guthrie,4,4477
9/13/2020,726,Rochell Cantrell,7,7176
9/14/2020,773,Yolando Wade,3,3533
9/16/2020,314,Javier Nichols,6,6873
9/16/2020,791,Yun Nelson,2,1190
9/16/2020,1085,Adam Thornton,4,5842
9/17/2020,149,Meredith Bryan,4,8474
9/17/2020,882,Hilda Harvey,4,6229
9/18/2020,137,Shonta Mercer,2,1735
9/18/2020,667,Etsuko Garrison,6,2828
9/18/2020,704,Morton Barron,2,988
9/19/2020,30,Jamaal Albert,8,5395
9/19/2020,362,Olevia Noel,3,3998
9/19/2020,399,Bart Hess,3,1332
9/20/2020,808,Vallie Dixon,4,8084
9/21/2020,101,Nichelle Howell,4,1406
9/21/2020,492,Justa Thompson,7,9928
9/21/2020,575,Laurence Christian,3,2223
9/21/2020,1146,Charlsie Carson,2,513
9/22/2020,997,Trinidad Mcclain,5,10987
9/22/2020,1028,Shanna Bonner,4,3565
9/23/2020,988,Vanda Holmes,6,2433
9/23/2020,1055,Hildegarde Christensen,1,2850
9/23/2020,1061,Alanna Barry,3,1077
9/24/2020,1349,Kami Rios,6,9279
9/25/2020,197,Andy O'neill,7,4655
9/25/2020,691,Ladawn Downs,6,4068
9/25/2020,874,Mila Good,1,1345
9/26/2020,853,Brittney Rojas,7,7601
9/27/2020,852,Lezlie Thompson,2,990
9/27/2020,964,Brent Calderon,2,502
9/28/2020,74,Georgeann Waller,1,3600
9/28/2020,555,Marry Benjamin,7,4655
9/28/2020,1198,Cheryll Snyder,4,1746
9/28/2020,1440,Ernest Rollins,7,10360
9/29/2020,1089,Chere Mcfadden,5,6785
9/29/2020,1261,Adelaida Hancock,6,9497
9/30/2020,468,Jeanett Herman,3,963
9/30/2020,549,Elmo Arnold,1,558
9/30/2020,641,Derrick Marks,4,3563
9/30/2020,697,Alane Mccarty,3,729
10/1/2020,24,Corene Wall,5,2158
10/1/2020,553,Rory Cooper,3,2198
10/1/2020,559,Basilia Thornton,8,9409
10/2/2020,304,Jayme Zamora,2,502
10/2/2020,449,Josie Schultz,2,1895
10/3/2020,984,Ivette Warren,5,6336
10/4/2020,481,Jayson Rutledge,6,6948
10/4/2020,686,Darcel Harmon,4,3816
10/5/2020,513,Whitney Cash,2,459
10/6/2020,82,Lizzie Joyner,1,376
10/6/2020,421,Iola Rasmussen,6,9838
10/6/2020,465,Birdie Kramer,3,1383
10/6/2020,703,Diana Cobb,1,399
10/6/2020,709,Vinnie Chan,3,3360
10/6/2020,899,Carisa Carpenter,2,3240
10/6/2020,921,Evelin Vargas,5,1329
10/7/2020,876,Onita Macdonald,5,1525
10/8/2020,1048,Ji Burt,6,6320
10/9/2020,191,Graciela Barber,4,1479
10/9/2020,796,Rosalie Coffey,4,1927
10/9/2020,875,Tanesha Sawyer,1,270
10/10/2020,133,Delbert Wilkins,3,2195
10/10/2020,193,Ayanna Rhodes,4,915
10/10/2020,712,Kecia Olsen,2,3066
10/10/2020,785,Kandis Mills,2,930
10/11/2020,148,Julee Woodard,3,1261
10/11/2020,260,Rodrick Shelton,6,3350
10/11/2020,977,Barton Cox,6,3328
10/12/2020,401,Shaunda Barnett,1,256
10/13/2020,932,Yvonne Bean,3,1974
10/14/2020,721,Erlinda Osborne,1,480
10/14/2020,831,Lory Berg,2,4170
10/14/2020,1381,Mercedez Brooks,4,2415
10/15/2020,1359,Octavia Donaldson,6,6543
10/15/2020,1378,Enoch Rosario,6,4776
10/16/2020,235,Jeromy Elliott,4,5990
10/17/2020,586,Ulysses Gaines,1,386
10/18/2020,377,Klara Mosley,3,756
10/19/2020,82,Lizzie Joyner,1,251
10/19/2020,155,Lory Page,3,4215
10/19/2020,927,Guillermo Hart,4,1516
10/19/2020,986,Marcel Lindsay,6,4545
10/21/2020,111,Shila White,3,6178
10/21/2020,613,Margene Eaton,2,502
10/22/2020,54,Fran Yang,7,6065
10/22/2020,1374,Juliane Dillard,10,8394
10/23/2020,72,Petronila Norris,5,6153
10/23/2020,639,Ronald Parsons,3,2421
10/23/2020,664,Augustus Schmidt,2,1273
10/24/2020,1056,Rebbecca Espinoza,6,4504
10/25/2020,569,Lucas Estes,6,7106
10/26/2020,1096,Tonda Webb,5,4169
10/26/2020,1315,Omega Johnston,5,7848
10/27/2020,506,Irving Pitts,6,8359
10/28/2020,116,Merlene Vinson,4,1721
10/28/2020,676,Gayle Wilkinson,2,513
10/28/2020,753,Mandi Gibbs,2,1023
10/28/2020,773,Yolando Wade,5,4874
10/29/2020,817,Zelda Pratt,5,2253
10/29/2020,835,Roseanne Maynard,4,1485
10/29/2020,1334,Ashleigh Finch,5,5024
10/29/2020,1406,Farrah Orr,7,7900
10/31/2020,759,Cira Downs,5,2214
10/31/2020,1353,Agatha Daniels,6,3614
11/2/2020,34,Brittney Woodward,2,1200
11/2/2020,1144,Jewel Sparks,5,6187
11/3/2020,1429,Lorrie Justice,5,2042
11/4/2020,31,Williemae Holloway,6,4918
11/4/2020,1228,Zulema Clemons,2,513
11/6/2020,6,Lyndsey Bean,4,1899
11/6/2020,32,Araceli Golden,3,1165
11/7/2020,21,Tobie Little,2,1472
11/7/2020,156,Charlyn Cantrell,4,4534
11/8/2020,834,Brain Skinner,5,1694
11/8/2020,1108,Bao Wade,6,2793
11/9/2020,203,Minerva Decker,4,6783
11/9/2020,470,Loise Walker,5,3270
11/11/2020,739,Bobbi Banks,3,4747
11/12/2020,64,Bobbie Foster,6,6279
11/12/2020,892,Alissa Craft,1,2755
11/12/2020,913,Liliana Kerr,4,1842
11/12/2020,1169,Beatris Joyner,6,4666
11/12/2020,1282,Alexis Mack,6,2402
11/13/2020,21,Tobie Little,4,6156
11/13/2020,61,Elinore Aguilar,3,5180
11/13/2020,104,Katharina Bates,5,6756
11/14/2020,1248,Bethany Herring,3,6794
11/15/2020,1443,Lezlie Lamb,7,10372
11/16/2020,959,Christel Barber,5,8817
11/18/2020,1405,Thanh Figueroa,3,1650
11/19/2020,90,Marjorie Logan,6,3486
11/19/2020,942,Davis Long,3,1500
11/20/2020,365,Rodger Rojas,5,1759
11/20/2020,1058,Aisha Woods,2,2744
11/21/2020,894,Nathaniel Richard,5,4495
11/22/2020,298,Jennie Middleton,7,9475
11/22/2020,1430,Tayna Wade,2,3629
11/23/2020,707,Terese Briggs,3,1560
11/23/2020,989,Loreen Byers,7,5090
11/23/2020,1275,Lenita Bonner,2,2726
11/24/2020,5,Charolette Rice,2,5455
11/24/2020,178,Genoveva Tyler,5,4126
11/24/2020,423,Johna Powers,1,600
11/26/2020,833,Leone Emerson,9,5780
11/27/2020,33,Deloris Burke,3,5834
11/27/2020,160,Omer Estrada,3,7976
11/27/2020,445,Earline Ballard,2,1600
11/27/2020,819,Yahaira Robertson,7,4784
11/27/2020,1272,Houston Vasquez,1,2700
11/30/2020,581,Vonda Berger,8,7824
12/3/2020,688,Pearlie Cochran,2,3348
12/4/2020,32,Araceli Golden,4,3276
12/4/2020,792,Edgar Horn,2,848
12/4/2020,1209,Deandrea Cox,6,4778
12/4/2020,1219,Alden Atkinson,6,3484
12/4/2020,1306,America Swanson,4,3506
12/6/2020,102,Marisol Goodman,3,3121
12/6/2020,487,Grace Madden,4,1450
12/6/2020,719,Nicki Fry,2,1007
12/6/2020,990,Casimira Chapman,8,8201
12/6/2020,1211,Brenton Whitaker,6,3440
12/6/2020,1232,Jong Guthrie,5,1891
12/7/2020,50,Cleotilde Booth,3,2265
12/7/2020,627,Deloris Larson,7,11480
12/7/2020,1318,Tisha Petty,3,1053
12/7/2020,1400,Shayla Hart,4,2929
12/8/2020,373,Mariette Trevino,2,950
12/8/2020,538,Sherie Ayala,7,7043
12/8/2020,952,Aileen Marquez,4,4645
12/8/2020,1121,Shasta Combs,3,2360
12/9/2020,12,Robby Sykes,7,9199
12/9/2020,40,Ronna Butler,5,6869
12/9/2020,624,Sharika Colon,5,4271
12/9/2020,683,Amparo Burks,2,880
12/9/2020,823,Tina Bush,4,3464
12/9/2020,1032,Vernon Knowles,2,3121
12/10/2020,96,Floretta Higgins,4,7681
12/10/2020,1208,Leila Barr,6,3144
12/11/2020,18,Georgetta Hardin,4,1605
12/11/2020,309,Anderson Martin,5,3901
12/12/2020,896,Stefani Gamble,5,6715
12/12/2020,1103,Ardelia Cooley,5,12335
12/13/2020,711,Jovita Bishop,6,4437
12/15/2020,1073,Leeanne Cross,2,1116
12/16/2020,634,Taylor Cole,4,1365
12/17/2020,1159,Charlene Norris,5,6765
12/18/2020,654,Eun Harris,2,661
12/19/2020,560,Tricia Daniels,6,3502
12/20/2020,1444,Ivette Estes,3,1400
12/21/2020,118,Le Wood,4,3975
12/21/2020,131,Tanesha Hampton,3,2336
12/22/2020,454,Terese Palmer,1,465
12/22/2020,466,Collen Hayes,2,2114
12/23/2020,1157,Anton Barton,2,798
12/23/2020,1398,Nevada Hood,5,7688
12/24/2020,678,Myron Johns,1,1674
12/24/2020,814,Ghislaine Compton,6,1754
12/25/2020,130,Wes Stanton,1,424
12/25/2020,1119,Tora Dunlap,4,5776
12/25/2020,1163,Carmela Hays,6,4187
12/26/2020,561,Kandace Hughes,2,954
12/26/2020,973,Margaretta Clayton,9,4835
12/26/2020,1404,Loyce Conway,6,3015
12/27/2020,163,Margert Stevens,7,4851
12/27/2020,855,Lean Stark,4,2009
12/28/2020,1040,Shantae Hammond,8,6069
12/29/2020,27,Santos Valencia,3,6005
12/30/2020,520,Andreas Herman,1,2755
1/3/2021,512,Hee Greer,3,3510
1/3/2021,532,Mia Delgado,2,528
1/4/2021,1302,Verda Gilbert,4,6349
1/6/2021,550,Felicidad Golden,5,10794
1/6/2021,1093,Alejandrina Hodges,8,3447
1/7/2021,673,Adam Henderson,3,3695
1/7/2021,847,Lizette Ellison,2,837
1/8/2021,439,Sunshine Rosario,1,2790
1/8/2021,901,Lonna Franks,1,712
1/8/2021,1199,Consuela Collier,8,15456
1/9/2021,283,Jaimee Day,3,1173
1/9/2021,684,Jenny Bell,1,511
1/9/2021,975,Annis Sanchez,5,4270
1/10/2021,1153,Ara Vazquez,6,4467
1/11/2021,190,Toya Pratt,6,2082
1/11/2021,729,Hue Dalton,1,800
1/12/2021,985,Milagros Weber,7,7131
1/14/2021,1129,Gilberto Sanders,6,4497
1/14/2021,1249,Barbra Dickerson,7,7520
1/16/2021,347,Kanesha Hudson,1,226
1/16/2021,949,Venessa Frost,4,1279
1/17/2021,105,Marget Hodge,4,9400
1/17/2021,349,Mable Pratt,3,6912
1/17/2021,1391,Sheryl Chase,7,17087
1/18/2021,383,Ashlee Pena,7,17306
1/18/2021,626,Leigh Burke,4,7023
1/19/2021,1125,Caleb England,9,7339
1/20/2021,344,Herta Rollins,7,4465
1/20/2021,681,Reatha Perez,7,13131
1/21/2021,29,Syreeta Hendricks,5,9280
1/21/2021,770,Lavonda Stephenson,3,2209
1/22/2021,297,Christia Carson,4,3658
1/22/2021,858,Klara Kim,5,1805
1/23/2021,745,Carolyne Conley,3,1693
1/24/2021,361,Virgina Berg,6,5154
1/25/2021,922,Elvia Cardenas,6,6979
1/26/2021,643,Melba Wilkinson,4,2112
1/26/2021,908,Delmar Wise,6,15440
1/27/2021,733,Doreatha Ford,2,960
1/28/2021,250,Ivonne Yang,4,2371
1/28/2021,291,Boyce Burks,5,1600
1/28/2021,790,Petronila Gallegos,5,2719
1/28/2021,809,Elnora Simpson,9,15416
1/29/2021,245,Delila Hamilton,4,10870
1/29/2021,499,Lidia Ashley,6,9705
1/29/2021,614,Toshia Cardenas,4,3936
1/29/2021,741,Laci Castro,2,1350
1/29/2021,811,Shanti Johnston,4,1133
1/31/2021,762,Quyen Houston,2,5538
1/31/2021,976,Ayanna Cherry,8,16950
2/1/2021,380,Alesia Horne,7,2788
2/2/2021,343,Jesica Fields,2,1800
2/2/2021,530,Selene Austin,6,5382
2/2/2021,884,Willian Hardin,2,846
2/3/2021,1097,Collen Dennis,6,4195
2/4/2021,1081,Carson Macias,7,7748
2/5/2021,21,Tobie Little,6,13524
2/5/2021,582,Soledad Moses,8,9934
2/5/2021,606,Sarah Kirkland,4,4388
2/5/2021,1233,Lise Hebert,6,5016
2/5/2021,1242,Chauncey Donaldson,4,4762
2/6/2021,543,Jasmin Young,4,10337
2/6/2021,562,Alejandro Norman,2,2510
2/6/2021,958,Ciera Koch,8,5557
2/7/2021,42,Tangela Quinn,3,10400
2/7/2021,850,Stephanie Browning,1,104
2/8/2021,417,Zoraida Patton,7,7005
2/8/2021,1137,Dottie Roberts,5,6654
2/8/2021,1196,Ileana Holt,1,4500
2/8/2021,1352,Dorothea Miranda,5,3244
2/9/2021,79,Ashanti Parks,7,5416
2/9/2021,127,Erlinda Nielsen,4,2718
2/10/2021,660,Shara Pope,4,5959
2/11/2021,1162,Carmelina Sellers,5,7157
2/13/2021,173,Marquerite Dawson,8,8072
2/13/2021,207,Michel Blankenship,7,2500
2/13/2021,295,Danny Kim,7,11056
2/13/2021,1246,Dale Rasmussen,6,4168
2/14/2021,805,Phillis Fowler,2,336
2/15/2021,12,Robby Sykes,3,13800
2/15/2021,67,Tommie Melton,7,7111
2/15/2021,131,Tanesha Hampton,3,10618
2/16/2021,38,Zelma Browning,6,10573
2/16/2021,200,Ashely Holmes,1,392
2/16/2021,382,Collin Webster,2,861
2/16/2021,625,Donnetta Henson,6,3860
2/18/2021,1399,Angelika Perry,5,2320
2/19/2021,845,Kathyrn Bush,4,2011
2/19/2021,864,Lore Sykes,4,3390
2/19/2021,870,Dwain Carlson,6,8309
2/19/2021,962,Maple Griffin,3,1857
2/19/2021,969,Jennell Solis,1,392
2/20/2021,897,Bettyann Acosta,2,612
2/20/2021,1138,Hubert Stone,4,10542
2/21/2021,500,Moira Lester,6,6197
2/25/2021,910,Elenore William,5,4334
2/26/2021,147,Bernetta Marquez,3,10323
2/26/2021,832,Pamala Fowler,4,3146
2/26/2021,939,Maximina Hutchinson,6,2231
2/27/2021,20,Aleta Shepard,4,3632
2/27/2021,184,Klara Stanley,5,16436
2/27/2021,694,Lanie Dunn,6,3531
2/28/2021,4,Daryl Spence,1,800
2/28/2021,11,Deshawn Mendoza,6,15981
2/28/2021,433,Holly Nieves,3,1601
2/28/2021,1113,Kendra Harrington,7,4172
2/28/2021,1241,Nathaniel Davidson,6,5813
3/1/2021,137,Shonta Mercer,1,724
3/1/2021,166,Lena Mills,2,752
3/1/2021,698,Charleen Joyner,5,1585
3/2/2021,391,Vernita Ball,1,270
3/3/2021,87,Yan Mcgowan,5,2427
3/3/2021,1072,Maryalice Henry,7,4065
3/4/2021,232,Freddie Mathis,3,1755
3/4/2021,255,Flossie Holder,5,10270
3/5/2021,73,Melanie Hayes,2,1653
3/5/2021,335,Scarlet Reed,4,4148
3/5/2021,1201,Nita Guy,8,9372
3/6/2021,53,Saturnina Garner,6,15087
3/6/2021,646,Ann Heath,8,6468
3/6/2021,953,Kattie Stevenson,7,2681
3/6/2021,1143,Sommer Hopkins,3,1256
3/6/2021,1336,Joe Melton,1,270
3/7/2021,284,Susann Bass,3,1002
3/7/2021,1104,Khalilah Robertson,4,2362
3/7/2021,1291,Shiloh Bates,3,6331
3/8/2021,572,Wm Pope,2,931
3/8/2021,842,Giselle Robles,2,692
3/9/2021,14,Garry Espinoza,1,377
3/9/2021,135,Dorthey Jackson,5,5923
3/9/2021,564,Bettie Pierce,6,8393
3/9/2021,701,Alysia Nicholson,5,5127
3/9/2021,841,Manie Maxwell,2,1546
3/9/2021,946,Angella Bridges,5,4062
3/9/2021,1152,Tuyet Rosa,6,5841
3/11/2021,67,Tommie Melton,3,584
3/11/2021,448,Janella Bright,1,513
3/11/2021,1385,Kenton Hughes,6,2006
3/12/2021,690,Yevette Elliott,7,12105
3/12/2021,968,Jonna Brown,1,1395
3/13/2021,490,Yu Mcdonald,5,6805
3/13/2021,496,Shu Mays,4,8057
3/15/2021,56,Lolita Mosley,2,754
3/15/2021,367,Blanca Hooper,6,6603
3/15/2021,592,Joni Lee,1,423
3/15/2021,1018,Carita Salinas,6,10792
3/15/2021,1298,Trudy Riddle,6,4215
3/16/2021,430,Kandi Mcneil,4,1847
3/16/2021,1343,Jama Rodriquez,5,1818
3/18/2021,249,Magda Eaton,1,724
3/18/2021,700,Collene Knox,4,12542
3/18/2021,794,Donette Mccarthy,4,9275
3/18/2021,1363,Nestor Haynes,3,1861
3/19/2021,772,Latricia Lindsey,4,1175
3/19/2021,1015,Nichelle Rosario,3,6825
3/20/2021,432,Julius Holt,3,3490
3/22/2021,479,Gertha Mejia,6,8110
3/23/2021,154,Jenise Preston,2,752
3/23/2021,653,Florencio Davenport,5,3192
3/23/2021,863,Shonta Preston,5,5802
3/23/2021,992,Chere Alston,4,1140
3/24/2021,374,Candelaria Coffey,7,14735
3/26/2021,619,Ana Palmer,7,4100
3/27/2021,607,Paul Lester,9,17581
3/27/2021,1057,Conchita Boone,8,5852
3/28/2021,78,Chi Goff,1,316
3/28/2021,340,Yanira Bradshaw,5,9158
3/28/2021,1105,Armando Black,6,2843
3/29/2021,95,Letitia Franco,5,12433
3/29/2021,420,Vince Schneider,8,8205
3/30/2021,234,Winfred Harris,9,3805
3/30/2021,1148,Lenore Valdez,8,8009
3/31/2021,315,Justina Jenkins,6,2258
3/31/2021,1222,Geraldine O'donnell,4,1441
4/1/2021,153,Laraine Robbins,5,6882
4/1/2021,524,Larraine Horn,5,5018
4/1/2021,1164,Patrina Tanner,3,4540
4/1/2021,1203,Georgeann Rojas,10,3818
4/2/2021,629,Evelina Byrd,6,1754
4/3/2021,811,Shanti Johnston,4,1864
4/3/2021,1251,Nanette Roman,7,2259
4/4/2021,221,Clementine Mooney,1,200
4/4/2021,301,Annett Garrett,5,4157
4/4/2021,1319,Claris Santiago,7,5232
4/5/2021,725,Carola Mcpherson,1,396
4/5/2021,1181,Agustina Lawrence,5,2284
4/6/2021,294,Clementina Sargent,2,1208
4/6/2021,415,Gwendolyn Miller,5,11350
4/7/2021,45,Bennett Armstrong,3,2142
4/7/2021,102,Marisol Goodman,3,2004
4/7/2021,666,Brittni Green,4,8571
4/7/2021,993,Giovanna Jefferson,2,378
4/9/2021,246,Dionne Norris,5,6262
4/9/2021,674,Ira Moore,3,1403
4/11/2021,431,Luciano Marsh,6,1999
4/11/2021,1000,Shiloh Reeves,3,1951
4/11/2021,1215,Karl Stephens,5,5746
4/12/2021,406,Kerrie O'neill,2,1140
4/12/2021,890,Rosanne George,3,3751
4/13/2021,455,Sherita Cherry,2,720
4/13/2021,940,Marina Hinton,4,1886
4/13/2021,948,Siobhan Lang,4,6794
4/14/2021,1395,Eliseo Knight,6,5220
4/15/2021,372,Collene Roman,4,6579
4/15/2021,428,Hipolito Padilla,7,5062
4/15/2021,1133,Dung King,3,4116
4/15/2021,1332,Novella Ross,4,12308
4/16/2021,1059,Season Harvey,6,3186
4/16/2021,1436,Macie Ayers,8,9335
4/17/2021,662,Loraine Sykes,8,3960
4/17/2021,715,Larae Carney,8,10188
4/18/2021,329,Marilyn Frank,2,9500
4/18/2021,597,Rudolf Moran,7,4017
4/19/2021,776,Angelique Merrill,1,334
4/19/2021,1346,Sanora Webster,5,3443
4/20/2021,1139,Gabriella Jones,2,999
4/21/2021,13,Lashawn Ortiz,2,2623
4/21/2021,883,Gilberte Duke,7,13107
4/22/2021,177,Carissa Foreman,1,171
4/22/2021,775,Kermit Hyde,4,908
4/23/2021,477,Arminda Weber,2,1045
4/24/2021,1402,Sandee Alvarado,1,800
4/25/2021,162,Kam Wilder,6,4095
4/25/2021,644,Valentin Mclaughlin,9,4002
4/27/2021,473,Lashawna Richardson,8,11596
4/27/2021,1177,Charlesetta Soto,3,3302
4/27/2021,1230,Jesus Burch,4,7063
4/28/2021,446,Nathanael Bradley,2,378
4/28/2021,902,Elease Dejesus,4,1217
4/29/2021,974,Marcell Barrett,3,1197
4/29/2021,1410,Lurlene Finch,6,1830
5/1/2021,9,Genoveva Baldwin,1,323
5/1/2021,844,Felica Munoz,8,10187
5/1/2021,868,Domingo Casey,1,1311
5/1/2021,1416,Miranda Kennedy,1,3255
5/2/2021,358,Kandace Giles,6,3247
5/3/2021,394,Virgen Clemons,3,7185
5/3/2021,829,Marcy Rodriguez,2,846
5/4/2021,661,Trena Hudson,6,9288
5/5/2021,386,Nelle Beck,6,4013
5/5/2021,1046,Dane Mcdaniel,7,2206
5/6/2021,784,Debbra Jacobson,2,1194
5/7/2021,224,Moses Pope,6,2290
5/8/2021,214,Ross Pugh,7,3033
5/8/2021,1024,Coleman Boyd,5,6413
5/8/2021,1206,Mercy Brown,6,6239
5/9/2021,196,Edythe Valencia,6,10950
5/11/2021,507,Sheree Pena,3,3023
5/11/2021,871,Erlinda Humphrey,9,11589
5/13/2021,66,Lorrie Becker,2,5188
5/13/2021,1195,Chantell Bridges,3,11994
5/13/2021,1396,Delma Bailey,2,5985
5/14/2021,830,Edmund Gaines,2,990
5/14/2021,1038,Garry Juarez,4,1806
5/15/2021,171,Miriam Baker,8,3724
5/15/2021,384,Aimee Merritt,6,8096
5/15/2021,651,Laure Pena,6,16890
5/16/2021,1293,Sally Kinney,3,1286
5/16/2021,1320,Obdulia Barber,2,544
5/18/2021,857,Inga Koch,1,418
5/19/2021,376,Elanor Patrick,3,2137
5/20/2021,97,Louanne Martin,8,15876
5/20/2021,352,Josef Greer,7,5926
5/20/2021,471,Burma Summers,2,840
5/20/2021,605,Renita Henry,4,5442
5/21/2021,345,Mi Gray,2,9729
5/21/2021,1278,Loan Graham,6,2228
5/22/2021,179,Deane Sears,4,5887
5/23/2021,609,Eliana Reese,6,11036
5/23/2021,877,Janine Manning,9,7783
5/23/2021,1020,Lorraine Marks,7,14141
5/24/2021,120,Luz House,3,527
5/25/2021,402,Kerrie Morton,4,2283
5/26/2021,188,Sharla Flynn,1,1057
5/26/2021,342,Cassondra Pruitt,1,270
5/26/2021,887,Graig Cannon,6,4369
5/27/2021,519,Rudolf Gilliam,7,2747
5/27/2021,699,Zella Fernandez,4,1423
5/28/2021,215,Judith Finley,4,4398
5/28/2021,718,Luciana Mcgee,1,168
5/28/2021,1068,Doris Kaufman,5,3168
5/29/2021,88,Titus Bullock,1,1367
5/30/2021,242,Rutha Howell,4,7144
5/30/2021,781,Tajuana Riddle,2,4206
5/30/2021,966,Novella Patel,6,5108
5/31/2021,628,Ehtel Cobb,4,3106
5/31/2021,656,Romana Barnes,3,1095
5/31/2021,769,Agatha Melton,3,1259
6/2/2021,68,Jayne Kirkland,3,1226
6/2/2021,1316,Conrad Mueller,3,5925
6/3/2021,233,Mariana Strong,2,608
6/3/2021,1438,Lee Dunn,7,12981
6/5/2021,472,Myron Ruiz,4,7350
6/5/2021,957,Stephen Vega,3,912
6/5/2021,1224,Abram Copeland,8,24607
6/7/2021,631,Tressa Weiss,3,6750
6/7/2021,804,Douglas Richards,1,418
6/7/2021,909,Alita Salinas,4,2100
6/9/2021,93,Corrina Sawyer,7,16862
6/10/2021,43,Mozelle Carter,6,2062
6/10/2021,265,Mellisa Farley,2,1096
6/11/2021,73,Melanie Hayes,9,27051
6/11/2021,129,Walton Dejesus,2,3011
6/11/2021,1407,Hugh Craft,3,1856
6/12/2021,585,Chasidy Webster,2,960
6/13/2021,537,Carter Bentley,8,4318
6/13/2021,1025,Daphine Willis,2,928
6/14/2021,138,Jone Bernard,10,5300
6/14/2021,167,Loreta Johnston,9,14172
6/14/2021,525,Andreas Mayer,8,18115
6/15/2021,278,Myesha Burgess,4,5227
6/15/2021,618,Skye Pope,9,3160
6/16/2021,142,Nicholas Vazquez,1,5225
6/16/2021,339,Tamela Harrell,5,17480
6/16/2021,355,Arvilla Weiss,3,3016
6/16/2021,658,Nicki Larson,2,558
6/16/2021,867,Rosalva Hamilton,4,10530
6/17/2021,611,Ashleigh Frank,2,5220
6/17/2021,722,Camila Carroll,8,3292
6/17/2021,880,Phebe Turner,6,11120
6/17/2021,1184,Annabelle Hebert,9,3287
6/18/2021,650,Rita Bailey,4,2701
6/18/2021,1276,Shona Mcmillan,2,6090
6/18/2021,1390,Genoveva Lloyd,7,5333
6/19/2021,82,Lizzie Joyner,5,9606
6/19/2021,570,Marissa Summers,4,1557
6/19/2021,1432,Zona Cameron,1,2697
6/20/2021,389,Leif Short,2,878
6/20/2021,404,Augustus Steele,2,520
6/20/2021,457,Jeni Farley,2,378
6/21/2021,248,Cecelia Gill,2,1102
6/21/2021,1323,Ebony Cotton,5,2333
6/21/2021,1403,Mila Moody,5,12595
6/22/2021,836,Corinna Adams,6,9162
6/22/2021,1426,Londa Gould,9,6782
6/23/2021,270,Claudio Wise,2,3647
6/24/2021,238,Cindi Larson,7,20178
6/24/2021,511,Julienne Moody,4,1278
6/25/2021,1092,Lavinia Cotton,2,754
6/25/2021,1266,Myrl Gay,3,2475
6/26/2021,328,Bettie Glover,4,8741
6/26/2021,400,Alfredo Dodson,7,4767
6/26/2021,687,Cecilia Camacho,8,7971
6/26/2021,1123,Raphael O'neil,6,2510
6/26/2021,1190,Romeo Steele,6,4923
6/26/2021,1423,Dollie Cervantes,6,11239
6/27/2021,1158,Vito Pickett,7,6755
6/27/2021,1287,Victor Pittman,5,2992
6/30/2021,46,Monika Berg,5,5768
6/30/2021,556,Vernell Goff,4,1903
7/2/2021,172,Jeanie Kirkland,5,14905
7/2/2021,436,Honey Camacho,4,2201
7/2/2021,1145,Deandrea Vega,6,3172
7/4/2021,706,Lolita O'neill,6,2453
7/6/2021,751,Hermila Mckay,4,5498
7/7/2021,723,Vicki Wiggins,6,6074
7/9/2021,419,Krystin Marshall,4,1613
7/9/2021,1415,Harold O'connor,9,9726
7/11/2021,485,Catherine Miles,6,1636
7/11/2021,621,Basil Ballard,4,1554
7/11/2021,915,Beryl Bennett,3,1301
7/12/2021,219,Darcie Morgan,3,1567
7/12/2021,590,Cyndi Dyer,3,1655
7/12/2021,645,Lewis Garner,7,3818
7/13/2021,354,Tonda Armstrong,5,7180
7/14/2021,503,Marlo Jefferson,4,13243
7/14/2021,1389,Ulrike Chan,2,1499
7/14/2021,1418,Penni Best,5,4163
7/15/2021,266,Myung Hooper,5,2682
7/15/2021,1070,Olimpia Mays,6,12774
7/16/2021,1064,Patsy Russo,3,1060
7/16/2021,1115,Lina Meadows,7,3721
7/16/2021,1345,Arie Hunter,3,1288
7/18/2021,82,Lizzie Joyner,2,751
7/18/2021,495,Travis Goodman,7,2447
7/18/2021,620,Eric Hardin,2,2066
7/19/2021,174,Babara Ochoa,2,2964
7/19/2021,748,Oliva Blackwell,6,6383
7/19/2021,799,India Barron,7,2874
7/19/2021,1417,Jasper Castro,2,558
7/20/2021,168,Nettie Mcdaniel,8,3802
7/22/2021,290,Barry Buckner,5,1468
7/22/2021,408,Edra Fitzgerald,5,2298
7/23/2021,16,Emmitt Sanchez,9,15525
7/23/2021,125,Herlinda Stone,4,7068
7/23/2021,353,Tisa Whitney,4,3196
7/23/2021,356,Vashti Rosario,3,9865
7/23/2021,837,Kellye Campbell,8,6830
7/23/2021,1304,Tama Berg,6,2967
7/26/2021,588,Cherelle Key,4,1053
7/26/2021,1370,Rona Rojas,2,7440
7/27/2021,1273,Cheree Hale,7,5122
7/29/2021,161,Crystle Gilliam,4,4296
7/29/2021,407,Dannette Guerrero,5,7720
7/30/2021,429,Emmett Casey,3,3194
7/30/2021,582,Soledad Moses,5,3169
7/30/2021,895,Elaina Key,6,6929
7/30/2021,1283,Mica Barry,1,280
7/30/2021,1308,Shea Howell,4,2320
7/30/2021,1442,Cassie Cline,8,6987
7/31/2021,1229,Carina Lynch,8,2708
7/31/2021,1281,Marlen Dawson,2,2932
8/2/2021,1077,Heather Perry,2,718
8/4/2021,70,Tomasa Carson,5,9939
8/4/2021,1225,Mellisa Griffin,8,10051
8/6/2021,539,Jamika Acevedo,1,270
8/6/2021,1235,Georgina Gonzales,3,5418
8/7/2021,185,Morton Lee,3,3291
8/7/2021,1134,Sherril Alvarado,7,5724
8/7/2021,1270,Ciera Webb,2,630
8/8/2021,116,Merlene Vinson,5,9135
8/8/2021,777,Ilda Roberson,4,2379
8/9/2021,194,Dorine Roberson,7,8684
8/9/2021,239,Felice Guzman,8,3015
8/10/2021,209,Jutta Everett,1,1128
8/10/2021,460,Romelia Myers,4,5440
8/10/2021,1439,Florrie Little,9,9920
8/11/2021,189,Damian Dawson,3,2069
8/12/2021,140,Cleopatra Tate,9,12910
8/12/2021,325,Berna Moore,1,950
8/12/2021,456,Serina Hensley,4,1691
8/13/2021,782,Ricki Bullock,4,7183
8/14/2021,6,Lyndsey Bean,4,6530
8/15/2021,182,Jenniffer Bullock,7,17747
8/15/2021,655,Marylyn Browning,2,655
8/15/2021,1210,Shawnna Frank,5,2705
8/16/2021,198,Luis Tyler,6,2749
8/16/2021,898,Crysta Velez,2,3568
8/17/2021,2,Kasha Todd,5,7094
8/17/2021,106,Raul Melendez,4,2771
8/17/2021,225,Barbera Riggs,8,7486
8/17/2021,453,Courtney Wyatt,7,7824
8/17/2021,493,Lise Alvarado,2,577
8/17/2021,596,Emelda Dickerson,4,1422
8/17/2021,602,Delaine Estes,2,800
8/18/2021,47,Bridgette Guerra,5,2060
8/18/2021,911,Nikita Roy,3,1611
8/19/2021,11,Deshawn Mendoza,4,2895
8/19/2021,42,Tangela Quinn,4,2121
8/19/2021,412,Dexter Roberts,2,2964
8/19/2021,793,Chantay Maynard,9,7327
8/19/2021,812,Martha Burgess,2,1228
8/19/2021,1003,Sharell Ross,4,3595
8/19/2021,1086,Cori Schwartz,6,12401
8/19/2021,1106,Jerri Henry,2,1577
8/20/2021,1327,Consuela Romero,2,1600
8/20/2021,1372,Renna Williams,6,7021
8/21/2021,211,Gilma Dejesus,7,4410
8/21/2021,220,Lucio Sherman,7,6672
8/21/2021,305,Hope Cotton,4,1239
8/22/2021,675,Kermit Bowman,9,7254
8/22/2021,1160,Efren Whitfield,5,3111
8/23/2021,46,Monika Berg,4,3128
8/24/2021,1260,Phuong Wolf,3,5687
8/24/2021,1427,Mikel Wilkerson,1,352
8/25/2021,40,Ronna Butler,6,4016
8/25/2021,326,Shiela Calderon,6,2768
8/25/2021,828,Renato Morton,4,2717
8/26/2021,1382,Wynona Douglas,9,16492
8/27/2021,589,Jeffry Church,1,1513
8/27/2021,1311,Whitley Cannon,8,3975
8/28/2021,752,Lloyd Miranda,1,171
8/28/2021,1128,Bea Kane,6,2643
8/28/2021,1392,Trista Lambert,3,5922
8/29/2021,379,Mina Carrillo,2,6672
8/29/2021,1317,Glady Wells,1,325
8/31/2021,1394,Genny Fields,3,2616
9/1/2021,268,Trinity Riddle,5,7212
9/1/2021,747,Margret Barnett,5,11831
9/2/2021,1009,Deangelo Cooley,1,315
9/2/2021,1424,Lashunda Cole,3,6592
9/3/2021,23,Kaylee English,2,1116
9/3/2021,735,Aide Franco,4,2605
9/4/2021,912,Inocencia Key,1,4950
9/4/2021,930,Delana Wagner,5,1464
9/5/2021,798,Alyse Jacobson,9,11062
9/6/2021,388,Aleta Stone,1,418
9/6/2021,1036,Randee Lester,1,701
9/7/2021,1100,Penny Acevedo,8,18671
9/8/2021,52,Tu Ramirez,2,3127
9/8/2021,334,Somer Jordan,5,12664
9/8/2021,1023,Adena Blake,6,19330
9/10/2021,749,Oralia Farley,5,5894
9/10/2021,1269,Gustavo Gamble,7,4205
9/11/2021,143,Janae Doyle,4,3921
9/12/2021,1132,Parthenia Holman,8,15206
9/13/2021,275,Pinkie Kirkland,9,11477
9/13/2021,598,Benito Hendrix,4,9645
9/14/2021,945,Krissy Ochoa,8,4815
9/14/2021,1213,Yang Giles,5,5245
9/15/2021,494,Pearl Fox,5,1495
9/15/2021,936,Sherilyn Wilcox,4,2411
9/17/2021,663,Alissa Hood,5,14567
9/18/2021,69,Katelin Kennedy,2,5120
9/18/2021,1178,Wendie Nash,4,3950
9/19/2021,351,Margorie Wynn,5,8498
9/19/2021,517,Buford Gilbert,6,9045
9/19/2021,978,Diana Reyes,2,1065
9/19/2021,1347,Kate Barber,3,6496
9/20/2021,810,Ivelisse Nixon,7,10952
9/20/2021,1050,Rozella Fitzgerald,1,481
9/21/2021,254,Cristobal Hutchinson,5,1717
9/21/2021,1006,Marjory Leonard,8,6723
9/21/2021,1063,Tammy Austin,8,13766
9/22/2021,1076,Sherise Mercer,1,1620
9/23/2021,554,Hilde Nieves,9,4459
9/24/2021,1087,Willow Gardner,4,2191
9/24/2021,1414,Sonja Walls,1,177
9/25/2021,617,Jenna Saunders,2,993
9/25/2021,757,Lamar Greer,3,2511
9/25/2021,1344,Eloisa Tucker,3,3378
9/25/2021,1379,Dorine Thornton,6,2835
9/27/2021,787,Malisa Mitchell,6,7575
9/28/2021,1183,Kim Clark,6,2665
9/29/2021,708,Majorie Glover,2,1900
9/29/2021,1244,Trang Hardin,4,5732
9/30/2021,720,Devin Shaffer,3,1390
9/30/2021,789,Tad Gardner,4,2196
9/30/2021,865,Julia Joyner,7,3996
9/30/2021,869,Rodrigo Durham,3,1037
10/1/2021,24,Corene Wall,6,5454
10/1/2021,41,Kathie Freeman,6,3278
10/1/2021,888,Coleen Navarro,7,10728
10/1/2021,889,Lucilla Williams,3,949
10/1/2021,934,Ocie Slater,4,8000
10/1/2021,1067,Lillia Gillespie,6,4130
10/1/2021,1221,Joy Underwood,2,990
10/1/2021,1262,Brianne Hays,2,3723
10/2/2021,652,Tilda Melton,3,1064
10/3/2021,286,Virgil Frost,2,1027
10/4/2021,142,Nicholas Vazquez,7,17495
10/4/2021,900,Jule Davenport,5,4298
10/4/2021,1031,Tonja Bean,8,8787
10/5/2021,534,Alejandro Haney,5,16847
10/5/2021,826,Shay Stephenson,6,3672
10/7/2021,1339,Neida King,3,1591
10/8/2021,548,Dori Alvarez,5,1950
10/8/2021,1109,Gussie Harding,4,1596
10/9/2021,292,Monty Frost,6,13948
10/10/2021,111,Shila White,1,171
10/12/2021,21,Tobie Little,3,6906
10/12/2021,77,Keri Bridges,5,2892
10/12/2021,1150,Keturah Reid,7,7092
10/13/2021,1022,Hye Mercer,1,441
10/13/2021,1065,Desiree Branch,2,467
10/13/2021,1422,Tempie Jacobson,3,7050
10/14/2021,216,Wai Soto,5,4912
10/14/2021,369,Mary Singleton,3,1536
10/14/2021,960,Arline Lawson,6,7996
10/14/2021,1120,Karole Alvarez,5,7160
10/15/2021,486,Valeri Marshall,6,5834
10/15/2021,647,Janelle Maldonado,6,1354
10/15/2021,1090,Ira Erickson,5,12393
10/16/2021,34,Brittney Woodward,1,388
10/17/2021,186,Ken Charles,5,9834
10/17/2021,1114,Douglass Blankenship,6,1951
10/17/2021,1412,Adrien Hunter,3,1235
10/19/2021,192,Bong Hebert,6,8902
10/19/2021,229,Molly Langley,1,815
10/19/2021,508,Vance Taylor,1,697
10/21/2021,269,Barton Crosby,7,7526
10/22/2021,1289,Shanelle Anderson,1,507
10/23/2021,48,Cesar Jackson,2,3680
10/23/2021,201,Candis Harding,7,2549
10/23/2021,318,Eliz Whitney,5,1662
10/24/2021,593,Antony Atkinson,2,209
10/25/2021,1191,Tam Fisher,3,3439
10/25/2021,1277,Piedad Irwin,2,707
10/26/2021,222,Anya Contreras,2,1497
10/26/2021,730,Andria Rivers,8,4327
10/26/2021,1002,Cami Williamson,3,1234
10/26/2021,1091,Risa Gallagher,8,4445
10/26/2021,1226,Qiana Jackson,8,1988
10/26/2021,1342,Lekisha Pope,2,528
10/27/2021,19,Lizzette Stein,7,4395
10/27/2021,213,Elenore Hensley,7,4790
10/27/2021,669,Willis Randolph,6,2899
10/28/2021,783,Celestine Kent,8,10998
10/28/2021,807,Nathalie Knowles,4,4231
10/28/2021,886,Letisha May,7,9927
10/28/2021,1155,Verdell Joyner,3,1567
10/30/2021,840,Gilbert Calhoun,6,15098
10/30/2021,1017,Philip Bryan,3,1368
10/31/2021,803,Bernardina Cooper,5,12868
10/31/2021,1290,Minnie Compton,9,8336
11/1/2021,482,Narcisa Knapp,1,280
11/2/2021,1207,Jenell Crosby,1,524
11/3/2021,544,Catarina Mendez,4,9908
11/4/2021,226,Kiana Rivera,7,13034
11/4/2021,702,Sharie Whitaker,7,6762
11/4/2021,768,Yvone Yates,5,6516
11/4/2021,1041,Bettye Espinoza,5,5628
11/5/2021,89,Arvilla Osborn,4,10549
11/5/2021,1107,Lynda Newman,4,1869
11/5/2021,1180,Myrtle Gardner,3,1754
11/6/2021,462,Efren Oliver,5,11464
11/6/2021,665,Stacie Sims,6,7041
11/7/2021,19,Lizzette Stein,4,11006
11/7/2021,210,Priscilla Wilkins,1,3600
11/8/2021,243,Natosha Rowland,4,2659
11/9/2021,571,Kaley Blanchard,8,6579
11/9/2021,998,Heather Chaney,5,5529
11/9/2021,1197,Nakisha Clay,6,2800
11/10/2021,903,Maira Long,9,5589
11/10/2021,1170,Mechelle Chan,3,1210
11/11/2021,303,Rolanda Larsen,4,3136
11/11/2021,346,Jacalyn Barnett,1,502
11/12/2021,333,Ami Mcmahon,6,2840
11/13/2021,1166,Junita Reese,1,243
11/13/2021,1329,Sharyn Brewer,5,3994
11/16/2021,426,Daisy Ward,5,6024
11/16/2021,1367,Lucile Manning,6,2032
11/17/2021,289,Charmain Webster,4,17835
11/17/2021,545,Tajuana Rollins,3,7783
11/17/2021,1188,Marcene Curtis,8,3669
11/18/2021,44,Onita Johns,4,1303
11/18/2021,110,Ollie Zimmerman,4,4210
11/18/2021,1098,Treasa Dickerson,2,890
11/19/2021,375,Yan Trevino,8,11391
11/19/2021,458,Everett Vega,3,1305
11/19/2021,1136,Kallie Best,7,11429
11/20/2021,1099,Jewell Reyes,4,1020
11/21/2021,4,Daryl Spence,2,1763
11/22/2021,1117,Jeffrey Hill,2,1846
11/23/2021,435,Izola Hobbs,5,3439
11/23/2021,509,Terra Pickett,5,11788
11/23/2021,1408,Eleanor Mendez,4,4829
11/24/2021,113,Eliana Silva,6,4236
11/24/2021,950,Verna Solis,4,3799
11/25/2021,387,Kaila Walters,2,1368
11/25/2021,467,Clare Neal,4,2358
11/26/2021,774,Nenita Mooney,7,5806
11/26/2021,1236,Rudolph Velez,4,8264
11/26/2021,1388,Nanette Harris,1,2560
11/27/2021,734,Alina Mcleod,8,13288
11/27/2021,935,Genevie Miles,5,1850
11/27/2021,1268,Sung Chambers,4,5116
11/28/2021,1364,Grisel Maynard,1,990
11/29/2021,165,Jeromy Burch,2,5550
11/30/2021,893,Letty Cobb,8,8820
12/1/2021,227,Danielle Bond,8,18554
12/1/2021,980,Carter Booth,3,1417
12/1/2021,1014,Ling Newman,2,5700
12/1/2021,1233,Lise Hebert,5,5186
12/2/2021,1060,Tommie Cooley,4,8011
12/3/2021,320,Aron Wiggins,3,10047
12/4/2021,85,Teofila Fischer,6,15748
12/4/2021,128,Terrance Lynn,4,7536
12/4/2021,262,Rubin Decker,6,2484
12/4/2021,1033,Jeannette Skinner,5,2890
12/6/2021,736,Genny Hensley,5,4508
12/7/2021,279,Justina Long,7,9328
12/7/2021,778,Corrinne Garrison,7,8482
12/8/2021,967,Laurette Hebert,5,2309
12/8/2021,1292,Lakenya Oliver,2,1099
12/9/2021,1284,Shanice Spears,3,11300
12/10/2021,285,Leola Gould,1,614
12/10/2021,1401,Willetta Murphy,6,2201
12/11/2021,37,Melia Brady,4,6946
12/11/2021,947,Angele Castro,3,1083
12/14/2021,108,Shae Hickman,5,18281
12/14/2021,231,Jenee Rasmussen,6,3059
12/14/2021,533,Garret Clay,3,3346
12/15/2021,824,Veronika Rollins,4,10132
12/15/2021,1216,Elvina Gates,6,2781
12/16/2021,322,Merideth Preston,5,11832
12/16/2021,878,Melodie Melton,7,7985
12/16/2021,1088,Jane Henderson,5,3793
12/16/2021,1409,Lamar Bush,5,2093
12/17/2021,257,Earl Stanley,5,5316
12/20/2021,28,Jeanice Frost,8,11211
12/22/2021,713,Ilona Spears,6,8713
12/22/2021,821,Cassidy Clark,3,634
12/22/2021,1384,Elmo Sweeney,6,2518
12/24/2021,444,Caridad Compton,6,8946
12/24/2021,1021,Nicolas Carlson,6,5863
12/25/2021,93,Corrina Sawyer,7,4306
12/25/2021,311,Charise Burt,4,1251
12/25/2021,1027,Shanita Wiley,4,2218
12/25/2021,1294,Edith Davenport,3,1244
12/26/2021,846,Sylvester Chan,3,729
12/27/2021,75,Abby Gamble,6,7228
12/27/2021,418,Georgeanna Webster,1,594
12/27/2021,604,Kylee Dickson,2,838
12/28/2021,244,Jessika Bray,4,1113
12/30/2021,217,Carline Collier,4,3824
12/31/2021,39,Janetta Aguirre,4,5666
12/31/2021,273,Queenie Vance,4,3057
1/1/2022,68,Jayne Kirkland,4,8730
1/1/2022,567,Sheila Travis,4,5580
1/1/2022,862,Mellie Puckett,5,5836
1/2/2022,1026,Jenine Dawson,7,7939
1/2/2022,1083,Cher Alston,6,3866
1/4/2022,443,Ayana Keith,6,4685
1/4/2022,761,Rod Hatfield,8,3547
1/5/2022,1122,Cicely Deleon,5,6701
1/6/2022,203,Minerva Decker,8,12370
1/6/2022,256,Erma Salinas,6,2658
1/7/2022,425,Augustina Joyner,8,20509
1/7/2022,955,Delfina Gilliam,2,4275
1/9/2022,904,Jana Thomas,7,14397
1/9/2022,970,Ruth Horton,1,4500
1/10/2022,905,Hae Ramirez,2,12090
1/11/2022,580,Mellisa Kim,1,2976
1/12/2022,1066,Raeann Duncan,5,4031
1/12/2022,1258,Todd Waters,8,12382
1/12/2022,1393,Vivian Deleon,2,1681
1/13/2022,594,Deanne Parsons,7,9942
1/13/2022,916,Alishia Elliott,6,7951
1/14/2022,1037,Ashanti Hammond,8,17758
1/14/2022,1363,Nestor Haynes,8,8797
1/15/2022,247,Muriel Juarez,3,10570
1/15/2022,464,Bess Mcbride,7,18853
1/15/2022,637,Kara Higgins,6,8128
1/15/2022,1214,Brigid Sharp,5,20649
1/16/2022,1016,Shenna Benton,3,1798
1/16/2022,1433,Nicola Knight,8,4226
1/17/2022,502,Malinda Baxter,6,2312
1/19/2022,116,Merlene Vinson,5,8446
1/19/2022,476,Christopher Richardson,2,1395
1/19/2022,1010,Katia Henry,5,9480
1/20/2022,440,Yevette Todd,4,4864
1/21/2022,253,Maurice Norton,2,1440
1/21/2022,1008,Berneice Pollard,2,893
1/22/2022,71,Takako Casey,1,1551
1/22/2022,1084,Regine Odom,5,8303
1/23/2022,310,Gilberto Parsons,6,12936
1/24/2022,860,Loni Mullen,2,452
1/25/2022,122,Shena Carter,5,24891
1/25/2022,689,Deirdre Ryan,3,6804
1/26/2022,1441,Jamaal Morrison,4,9173
1/27/2022,765,Spring Hayes,4,4737
1/27/2022,1118,Ja Dillard,6,7947
1/28/2022,92,Tena Cruz,2,513
1/28/2022,115,Rey Lindsay,6,8328
1/29/2022,427,Latonya Dixon,1,3150
1/29/2022,937,Aida Koch,4,3866
1/29/2022,1013,Alma Peck,3,1209
1/30/2022,312,Cameron Carroll,3,5420
1/30/2022,1330,Karren Stevenson,4,5891
2/1/2022,118,Le Wood,1,1229
2/1/2022,1007,Jimmy Russell,6,18279
2/2/2022,983,Marguerite Berger,9,9713
2/2/2022,1256,Nubia Anderson,4,1539
2/5/2022,680,Mathilda Pennington,4,1988
2/5/2022,818,Joel Wynn,4,2420
2/6/2022,1303,Renay Atkins,6,5333
2/7/2022,488,Joaquin Hawkins,4,6259
2/8/2022,866,Lynwood Jackson,6,6844
2/8/2022,1126,Elmira Levy,5,6719
2/9/2022,11,Deshawn Mendoza,1,405
2/9/2022,323,Jeniffer Slater,1,2700
2/9/2022,1254,Dung Reid,4,5516
2/11/2022,491,Celestine Jacobs,5,6972
2/12/2022,63,Tenisha Lyons,8,9201
2/13/2022,914,Hortencia O'neil,5,1794
2/13/2022,1187,Kenyetta Mason,4,2014
2/14/2022,547,Tena Huber,6,11183
2/14/2022,906,Erik Leblanc,2,4750
2/15/2022,856,Lara Guy,2,3660
2/15/2022,920,James Robles,7,9315
2/15/2022,1052,Zora Ford,6,7664
2/16/2022,146,Stefany Potter,6,6184
2/16/2022,1383,Desire Mcgowan,3,1392
2/17/2022,987,Louis Powell,6,2738
2/18/2022,15,Linnie Branch,4,1962
2/19/2022,117,Dacia William,6,14250
2/21/2022,452,Cassandra Nichols,2,378
2/23/2022,1240,Bella Perez,5,5445
2/25/2022,100,Kellie Franco,2,5400
2/25/2022,1053,Parthenia Figueroa,3,1258
2/26/2022,18,Georgetta Hardin,5,3286
2/26/2022,213,Elenore Hensley,7,9481
2/26/2022,1172,Katherin Clark,6,5778
2/27/2022,1005,Ruthanne Franco,5,17612
3/1/2022,56,Lolita Mosley,2,532
3/1/2022,109,Monica Sears,3,3900
3/1/2022,1043,Diane Jones,5,7257
3/3/2022,293,Tiny French,4,6103
3/3/2022,566,Cinthia Poole,5,4459
3/3/2022,839,Carolann Russell,6,4522
3/4/2022,300,Rayford Simon,2,1024
3/4/2022,364,Bev Chang,4,5292
3/4/2022,474,Lavern Orr,4,3644
3/4/2022,838,Erna Sloan,4,9849
3/5/2022,599,Jonell Rivas,5,3535
3/5/2022,1176,Sheree Blanchard,2,532
3/6/2022,1231,Selene Vega,5,2119
3/7/2022,126,Lavina Dejesus,8,10315
3/7/2022,938,Emory O'connor,4,2135
3/7/2022,999,Latoya Johns,5,6531
3/7/2022,1445,Ester Acevedo,2,8000
3/8/2022,195,Addie Hahn,8,14935
3/8/2022,1116,Patria Harper,2,1056
3/10/2022,1239,Tara Maynard,2,602
3/11/2022,308,Mazie Fernandez,4,7395
3/11/2022,483,Gayla Sims,1,1519
3/11/2022,1142,Britteny Schroeder,1,232
3/14/2022,595,Frederica Rojas,7,13192
3/14/2022,744,Laurel Schultz,5,5924
3/14/2022,1044,Zenia Bruce,2,1042
3/15/2022,263,Dortha Jarvis,7,14405
3/15/2022,463,Jerlene Rios,5,10267
3/15/2022,518,Homer Powers,2,3040
3/15/2022,859,Julianne Shannon,8,7659
3/15/2022,982,Orval Hunter,4,2878
3/16/2022,478,Emmett Hahn,4,4700
3/16/2022,972,Damian Mills,4,6397
3/16/2022,1154,Barry Albert,3,3227
3/17/2022,515,Reita Dickson,5,3767
3/17/2022,820,Sandy Mills,5,3230
3/18/2022,228,Whitney Estes,1,675
3/18/2022,330,Sheba Knapp,8,11973
3/18/2022,1419,Lurlene Cotton,1,4400
3/19/2022,296,Sophia Mcmillan,8,13774
3/19/2022,822,Kristy Watkins,1,1396
3/20/2022,287,Mireille Puckett,7,2321
3/20/2022,395,Fairy Robinson,6,4041
3/20/2022,405,Greta Page,3,1246
3/20/2022,601,Leland Mcdowell,2,378
3/20/2022,754,Hue May,7,6887
3/20/2022,1029,Ping Quinn,6,2804
3/20/2022,1411,Shanda Stevenson,5,4960
3/21/2022,92,Tena Cruz,1,1134
3/21/2022,1131,Desmond Rose,7,14566
3/22/2022,139,Wanita Davenport,3,2320
3/22/2022,1101,Louise Flowers,5,4197
3/23/2022,692,Dorothea Chang,3,13822
3/24/2022,1279,Stan Saunders,7,8936
3/25/2022,623,Cayla Johnson,2,1254
3/26/2022,152,Katherina Odom,4,3644
3/26/2022,738,Fannie Jenkins,7,9532
3/27/2022,31,Williemae Holloway,4,16000
3/27/2022,1135,Alisia Albert,7,6151
3/28/2022,505,Wilda Petersen,5,6814
3/28/2022,1310,Emanuel Mckee,3,5834
3/29/2022,114,Thalia Horne,2,728
3/30/2022,112,Yuk Vega,8,7952
3/30/2022,302,Hayden Cross,3,632
3/30/2022,816,Marshall Johnson,2,1670
3/31/2022,35,Guillermina Noble,8,14574
3/31/2022,180,Karey Steele,2,2478
3/31/2022,392,Cyndi Bush,3,1682
4/1/2022,23,Kaylee English,2,3660
4/1/2022,27,Santos Valencia,8,4714
4/1/2022,62,Alica Hunter,3,2223
4/1/2022,94,Sharyn Hopkins,7,25365
4/2/2022,15,Linnie Branch,3,1730
4/2/2022,35,Guillermina Noble,6,7487
4/2/2022,51,Gertrud Rhodes,3,4256
4/2/2022,84,Armand Whitehead,5,4050
4/3/2022,33,Deloris Burke,7,12260
4/3/2022,181,Olevia Pitts,2,4464
4/3/2022,194,Dorine Roberson,4,3636
4/3/2022,217,Carline Collier,3,1249
4/4/2022,41,Kathie Freeman,2,684
4/4/2022,64,Bobbie Foster,1,387
4/4/2022,82,Lizzie Joyner,7,9389
4/5/2022,69,Katelin Kennedy,6,2449
4/5/2022,86,Lissa Vargas,5,4242
4/6/2022,3,Tameka Fisher,7,4270
4/6/2022,31,Williemae Holloway,6,14656
4/6/2022,52,Tu Ramirez,5,3341
4/6/2022,81,Zina Bonner,3,4528
4/6/2022,83,Tiesha Daniel,8,3764
4/6/2022,120,Luz House,7,8898
4/6/2022,151,Joesph Delacruz,3,3032
4/7/2022,208,Denis Logan,3,1674
4/8/2022,22,Adelle Larsen,6,12100
4/8/2022,75,Abby Gamble,5,25575
4/8/2022,85,Teofila Fischer,8,7447
4/8/2022,92,Tena Cruz,5,2524
4/8/2022,237,Elvera Peck,1,298
4/9/2022,16,Emmitt Sanchez,8,14840
4/9/2022,21,Tobie Little,2,1395
4/9/2022,25,Regenia Vaughan,8,7436
4/9/2022,68,Jayne Kirkland,1,846
4/10/2022,6,Lyndsey Bean,9,15646
4/10/2022,32,Araceli Golden,5,14545
4/10/2022,87,Yan Mcgowan,4,11120
4/11/2022,26,Theo Reese,8,7745
4/11/2022,47,Bridgette Guerra,9,14036
4/11/2022,66,Lorrie Becker,7,11711
4/11/2022,97,Louanne Martin,4,6128
4/11/2022,175,Nova Hess,6,11674
4/12/2022,8,Jacquline Duncan,2,1200
4/12/2022,20,Aleta Shepard,2,688
4/12/2022,37,Melia Brady,6,7066
4/12/2022,38,Zelma Browning,4,10963
4/12/2022,50,Cleotilde Booth,3,11085
4/12/2022,53,Saturnina Garner,6,4780
4/12/2022,59,Latasha Stanley,4,7712
4/12/2022,78,Chi Goff,3,3125
4/12/2022,133,Delbert Wilkins,4,4747
4/13/2022,7,Latasha Hays,2,5580
4/13/2022,28,Jeanice Frost,7,8782
4/13/2022,110,Ollie Zimmerman,3,1161
4/13/2022,233,Mariana Strong,1,1709
4/14/2022,18,Georgetta Hardin,6,9986
4/14/2022,19,Lizzette Stein,3,1339
4/14/2022,34,Brittney Woodward,5,10648
4/15/2022,11,Deshawn Mendoza,4,1938
4/15/2022,36,Bernita Mcdaniel,2,1615
4/15/2022,79,Ashanti Parks,7,10609
4/16/2022,10,Pamelia Newman,9,29147
4/16/2022,58,Damien Dorsey,8,11580
4/16/2022,76,Parker Prince,8,4869
4/16/2022,187,Hedwig Paul,7,12914
4/17/2022,5,Charolette Rice,4,6967
4/17/2022,17,Caren Stephens,6,3899
4/17/2022,39,Janetta Aguirre,8,12118
4/17/2022,67,Tommie Melton,1,783
4/17/2022,70,Tomasa Carson,2,6400
4/17/2022,73,Melanie Hayes,3,4863
4/17/2022,91,Marvin Mullins,5,12040
4/17/2022,169,Karla Kirk,3,3600
4/17/2022,170,Regine Gonzales,4,9278
4/18/2022,12,Robby Sykes,7,13431
4/18/2022,30,Jamaal Albert,4,4000
4/18/2022,42,Tangela Quinn,8,8988
4/18/2022,172,Jeanie Kirkland,2,936
4/19/2022,63,Tenisha Lyons,6,10886
4/19/2022,121,Lucy Woods,2,2509
4/20/2022,42,Tangela Quinn,6,7084
4/20/2022,57,Pamala Henry,3,2776
4/20/2022,65,Kanesha Vega,4,4624
4/20/2022,77,Keri Bridges,1,3255
4/20/2022,88,Titus Bullock,4,8713
4/21/2022,46,Monika Berg,2,1080
4/21/2022,60,Neil Mccall,6,2719
4/21/2022,72,Petronila Norris,3,10374
4/21/2022,89,Arvilla Osborn,1,256
4/21/2022,192,Bong Hebert,3,5307
4/22/2022,14,Garry Espinoza,6,8238
4/22/2022,29,Syreeta Hendricks,1,2700
4/22/2022,54,Fran Yang,1,11160
4/22/2022,80,Sarai Mckee,5,2741
4/23/2022,12,Robby Sykes,4,7350
4/23/2022,24,Corene Wall,8,6496
4/23/2022,48,Cesar Jackson,10,8026
4/23/2022,93,Corrina Sawyer,5,8751
4/23/2022,124,Jeni Booker,1,423
4/23/2022,224,Moses Pope,8,9182
4/24/2022,104,Katharina Bates,5,5020
4/24/2022,191,Graciela Barber,4,1114
4/25/2022,44,Onita Johns,3,967
4/25/2022,188,Sharla Flynn,2,673
4/25/2022,240,Le Deleon,3,3348
4/26/2022,11,Deshawn Mendoza,2,391
4/26/2022,109,Monica Sears,8,13294
4/26/2022,157,Carola Rodriquez,7,11445
4/26/2022,176,Carley Reynolds,6,4444
4/26/2022,231,Jenee Rasmussen,7,9803
4/27/2022,6,Lyndsey Bean,8,17181
4/27/2022,9,Genoveva Baldwin,8,18523
4/27/2022,40,Ronna Butler,5,6356
4/27/2022,138,Jone Bernard,4,6711
4/27/2022,165,Jeromy Burch,9,6358
4/28/2022,2,Kasha Todd,2,737
4/28/2022,45,Bennett Armstrong,3,1206
4/28/2022,56,Lolita Mosley,2,5394
4/28/2022,71,Takako Casey,1,304
4/29/2022,43,Mozelle Carter,8,10937
4/29/2022,49,Caroll Hays,2,771
4/29/2022,90,Marjorie Logan,3,5470
4/29/2022,239,Felice Guzman,4,7142
4/30/2022,55,Diana Guerra,7,3224
4/30/2022,74,Georgeann Waller,2,437
6/17/2022,7,Latasha Hays,1,189
7/1/2022,123,Robena Hill,6,8598
7/10/2022,119,Thalia Dillard,2,783
7/11/2022,33,Deloris Burke,1,950
7/12/2022,53,Saturnina Garner,2,1007
8/23/2022,10,Pamelia Newman,6,2483
8/25/2022,15,Linnie Branch,3,5895
9/6/2022,6,Lyndsey Bean,4,8964
10/21/2022,3,Tameka Fisher,8,3781
11/18/2022,1,Debra Burks,3,5258
11/28/2022,135,Dorthey Jackson,5,6104
12/28/2022,136,Sarita Parks,4,6517
