customer_key,customer_id,first_name,last_name,phone,email,geography_key
1,1,Debra,Burks,No Phone,debra.burks@yahoo.com,118
2,2,Kasha,Todd,No Phone,kasha.todd@yahoo.com,23
3,3,Tameka,Fisher,No Phone,tameka.fisher@aol.com,135
4,4,Daryl,Spence,No Phone,daryl.spence@aol.com,177
5,5,Charolette,Rice,(916) 381-6003,charolette.rice@msn.com,147
6,6,Lyndsey,Bean,No Phone,lyndsey.bean@hotmail.com,49
7,7,Latasha,Hays,(716) 986-3359,latasha.hays@hotmail.com,22
8,8,Jacquline,Duncan,No Phone,jacquline.duncan@yahoo.com,79
9,9,Genoveva,Baldwin,No Phone,genoveva.baldwin@msn.com,132
10,10,Pamelia,Newman,No Phone,pamelia.newman@gmail.com,101
11,11,Deshawn,Mendoza,No Phone,deshawn.mendoza@yahoo.com,102
12,12,Robby,Sykes,(516) 583-7761,robby.sykes@hotmail.com,69
13,13,Lashawn,Ortiz,No Phone,lashawn.ortiz@msn.com,91
14,14,Garry,Espinoza,No Phone,garry.espinoza@hotmail.com,55
15,15,Linnie,Branch,No Phone,linnie.branch@gmail.com,127
16,16,Emmitt,Sanchez,(212) 945-8823,emmitt.sanchez@hotmail.com,110
17,17,Caren,Stephens,No Phone,caren.stephens@msn.com,160
18,18,Georgetta,Hardin,No Phone,georgetta.hardin@aol.com,24
19,19,Lizzette,Stein,No Phone,lizzette.stein@yahoo.com,118
20,20,Aleta,Shepard,No Phone,aleta.shepard@aol.com,171
21,21,Tobie,Little,No Phone,tobie.little@gmail.com,181
22,22,Adelle,Larsen,No Phone,adelle.larsen@gmail.com,42
23,23,Kaylee,English,No Phone,kaylee.english@msn.com,72
24,24,Corene,Wall,No Phone,corene.wall@msn.com,8
25,25,Regenia,Vaughan,No Phone,regenia.vaughan@gmail.com,94
26,26,Theo,Reese,(562) 215-2907,theo.reese@gmail.com,90
27,27,Santos,Valencia,No Phone,santos.valencia@yahoo.com,172
28,28,Jeanice,Frost,No Phone,jeanice.frost@hotmail.com,119
29,29,Syreeta,Hendricks,No Phone,syreeta.hendricks@msn.com,94
30,30,Jamaal,Albert,No Phone,jamaal.albert@gmail.com,175
31,31,Williemae,Holloway,(510) 246-8375,williemae.holloway@msn.com,114
32,32,Araceli,Golden,No Phone,araceli.golden@msn.com,61
33,33,Deloris,Burke,No Phone,deloris.burke@hotmail.com,123
34,34,Brittney,Woodward,No Phone,brittney.woodward@aol.com,42
35,35,Guillermina,Noble,No Phone,guillermina.noble@msn.com,12
36,36,Bernita,Mcdaniel,No Phone,bernita.mcdaniel@hotmail.com,88
37,37,Melia,Brady,No Phone,melia.brady@gmail.com,95
38,38,Zelma,Browning,No Phone,zelma.browning@aol.com,7
39,39,Janetta,Aguirre,(717) 670-2634,janetta.aguirre@aol.com,84
40,40,Ronna,Butler,No Phone,ronna.butler@gmail.com,46
41,41,Kathie,Freeman,No Phone,kathie.freeman@msn.com,134
42,42,Tangela,Quinn,No Phone,tangela.quinn@aol.com,138
43,43,Mozelle,Carter,(281) 489-9656,mozelle.carter@aol.com,74
44,44,Onita,Johns,No Phone,onita.johns@msn.com,45
45,45,Bennett,Armstrong,No Phone,bennett.armstrong@aol.com,18
46,46,Monika,Berg,No Phone,monika.berg@gmail.com,46
47,47,Bridgette,Guerra,No Phone,bridgette.guerra@hotmail.com,154
48,48,Cesar,Jackson,No Phone,cesar.jackson@gmail.com,88
49,49,Caroll,Hays,No Phone,caroll.hays@yahoo.com,49
50,50,Cleotilde,Booth,No Phone,cleotilde.booth@gmail.com,171
51,51,Gertrud,Rhodes,No Phone,gertrud.rhodes@aol.com,99
52,52,Tu,Ramirez,No Phone,tu.ramirez@hotmail.com,40
53,53,Saturnina,Garner,No Phone,saturnina.garner@gmail.com,65
54,54,Fran,Yang,No Phone,fran.yang@hotmail.com,179
55,55,Diana,Guerra,No Phone,diana.guerra@hotmail.com,99
56,56,Lolita,Mosley,(281) 363-3309,lolita.mosley@hotmail.com,74
57,57,Pamala,Henry,No Phone,pamala.henry@aol.com,20
58,58,Damien,Dorsey,No Phone,damien.dorsey@yahoo.com,28
59,59,Latasha,Stanley,No Phone,latasha.stanley@gmail.com,142
60,60,Neil,Mccall,No Phone,neil.mccall@gmail.com,151
61,61,Elinore,Aguilar,No Phone,elinore.aguilar@msn.com,149
62,62,Alica,Hunter,No Phone,alica.hunter@hotmail.com,40
63,63,Tenisha,Lyons,No Phone,tenisha.lyons@aol.com,3
64,64,Bobbie,Foster,No Phone,bobbie.foster@yahoo.com,38
65,65,Kanesha,Vega,No Phone,kanesha.vega@gmail.com,143
66,66,Lorrie,Becker,No Phone,lorrie.becker@yahoo.com,63
67,67,Tommie,Melton,(916) 802-2952,tommie.melton@gmail.com,147
68,68,Jayne,Kirkland,No Phone,jayne.kirkland@hotmail.com,146
69,69,Katelin,Kennedy,No Phone,katelin.kennedy@gmail.com,141
70,70,Tomasa,Carson,No Phone,tomasa.carson@aol.com,40
71,71,Takako,Casey,No Phone,takako.casey@aol.com,20
72,72,Petronila,Norris,No Phone,petronila.norris@aol.com,165
73,73,Melanie,Hayes,No Phone,melanie.hayes@msn.com,88
74,74,Georgeann,Waller,No Phone,georgeann.waller@yahoo.com,113
75,75,Abby,Gamble,No Phone,abby.gamble@aol.com,3
76,76,Parker,Prince,No Phone,parker.prince@hotmail.com,131
77,77,Keri,Bridges,No Phone,keri.bridges@gmail.com,137
78,78,Chi,Goff,No Phone,chi.goff@aol.com,123
79,79,Ashanti,Parks,No Phone,ashanti.parks@hotmail.com,11
80,80,Sarai,Mckee,(716) 912-8110,sarai.mckee@msn.com,22
81,81,Zina,Bonner,No Phone,zina.bonner@hotmail.com,154
82,82,Lizzie,Joyner,No Phone,lizzie.joyner@msn.com,30
83,83,Tiesha,Daniel,No Phone,tiesha.daniel@yahoo.com,160
84,84,Armand,Whitehead,No Phone,armand.whitehead@hotmail.com,87
85,85,Teofila,Fischer,No Phone,teofila.fischer@aol.com,77
86,86,Lissa,Vargas,No Phone,lissa.vargas@yahoo.com,120
87,87,Yan,Mcgowan,No Phone,yan.mcgowan@msn.com,39
88,88,Titus,Bullock,No Phone,titus.bullock@gmail.com,72
89,89,Arvilla,Osborn,No Phone,arvilla.osborn@gmail.com,178
90,90,Marjorie,Logan,No Phone,marjorie.logan@msn.com,57
91,91,Marvin,Mullins,(619) 635-2027,marvin.mullins@aol.com,152
92,92,Tena,Cruz,No Phone,tena.cruz@yahoo.com,51
93,93,Corrina,Sawyer,(248) 370-1364,corrina.sawyer@yahoo.com,176
94,94,Sharyn,Hopkins,No Phone,sharyn.hopkins@hotmail.com,12
95,95,Letitia,Franco,No Phone,letitia.franco@aol.com,159
96,96,Floretta,Higgins,No Phone,floretta.higgins@hotmail.com,16
97,97,Louanne,Martin,No Phone,louanne.martin@hotmail.com,195
98,98,Violet,Valenzuela,No Phone,violet.valenzuela@msn.com,127
99,99,Carie,Kidd,No Phone,carie.kidd@yahoo.com,101
100,100,Kellie,Franco,No Phone,kellie.franco@yahoo.com,31
101,101,Nichelle,Howell,No Phone,nichelle.howell@aol.com,160
102,102,Marisol,Goodman,No Phone,marisol.goodman@gmail.com,24
103,103,Sylvie,Wilkerson,No Phone,sylvie.wilkerson@yahoo.com,173
104,104,Katharina,Bates,No Phone,katharina.bates@gmail.com,23
105,105,Marget,Hodge,No Phone,marget.hodge@msn.com,191
106,106,Raul,Melendez,No Phone,raul.melendez@hotmail.com,44
107,107,Cecil,Hopper,No Phone,cecil.hopper@yahoo.com,28
108,108,Shae,Hickman,No Phone,shae.hickman@hotmail.com,52
109,109,Monica,Sears,(408) 704-8863,monica.sears@aol.com,153
110,110,Ollie,Zimmerman,(657) 648-2863,ollie.zimmerman@yahoo.com,5
111,111,Shila,White,No Phone,shila.white@msn.com,118
112,112,Yuk,Vega,No Phone,yuk.vega@yahoo.com,187
113,113,Eliana,Silva,No Phone,eliana.silva@gmail.com,51
114,114,Thalia,Horne,No Phone,thalia.horne@yahoo.com,3
115,115,Rey,Lindsay,No Phone,rey.lindsay@gmail.com,101
116,116,Merlene,Vinson,No Phone,merlene.vinson@gmail.com,48
117,117,Dacia,William,No Phone,dacia.william@msn.com,171
118,118,Le,Wood,No Phone,le.wood@yahoo.com,125
119,119,Thalia,Dillard,No Phone,thalia.dillard@yahoo.com,149
120,120,Luz,House,(559) 114-2580,luz.house@gmail.com,60
121,121,Lucy,Woods,No Phone,lucy.woods@gmail.com,123
122,122,Shena,Carter,No Phone,shena.carter@yahoo.com,75
123,123,Robena,Hill,(361) 598-4414,robena.hill@hotmail.com,35
124,124,Jeni,Booker,No Phone,jeni.booker@gmail.com,165
125,125,Herlinda,Stone,No Phone,herlinda.stone@msn.com,24
126,126,Lavina,Dejesus,No Phone,lavina.dejesus@msn.com,111
127,127,Erlinda,Nielsen,No Phone,erlinda.nielsen@aol.com,95
128,128,Terrance,Lynn,No Phone,terrance.lynn@yahoo.com,127
129,129,Walton,Dejesus,No Phone,walton.dejesus@yahoo.com,89
130,130,Wes,Stanton,(248) 247-5074,wes.stanton@msn.com,176
131,131,Tanesha,Hampton,No Phone,tanesha.hampton@hotmail.com,173
132,132,Boyd,Irwin,No Phone,boyd.irwin@hotmail.com,66
133,133,Delbert,Wilkins,No Phone,delbert.wilkins@aol.com,33
134,134,Brianna,Moss,(516) 156-8031,brianna.moss@msn.com,69
135,135,Dorthey,Jackson,(281) 926-8010,dorthey.jackson@msn.com,74
136,136,Sarita,Parks,No Phone,sarita.parks@msn.com,55
137,137,Shonta,Mercer,No Phone,shonta.mercer@aol.com,96
138,138,Jone,Bernard,(657) 536-5165,jone.bernard@hotmail.com,5
139,139,Wanita,Davenport,No Phone,wanita.davenport@aol.com,168
140,140,Cleopatra,Tate,No Phone,cleopatra.tate@aol.com,40
141,141,Ramiro,Byers,No Phone,ramiro.byers@gmail.com,148
142,142,Nicholas,Vazquez,No Phone,nicholas.vazquez@hotmail.com,187
143,143,Janae,Doyle,No Phone,janae.doyle@gmail.com,79
144,144,Hans,Price,No Phone,hans.price@hotmail.com,130
145,145,Miquel,Neal,No Phone,miquel.neal@hotmail.com,170
146,146,Stefany,Potter,No Phone,stefany.potter@gmail.com,159
147,147,Bernetta,Marquez,No Phone,bernetta.marquez@hotmail.com,164
148,148,Julee,Woodard,No Phone,julee.woodard@yahoo.com,138
149,149,Meredith,Bryan,No Phone,meredith.bryan@hotmail.com,168
150,150,Weldon,Michael,No Phone,weldon.michael@hotmail.com,76
151,151,Joesph,Delacruz,No Phone,joesph.delacruz@aol.com,8
152,152,Katherina,Odom,No Phone,katherina.odom@yahoo.com,126
153,153,Laraine,Robbins,No Phone,laraine.robbins@yahoo.com,149
154,154,Jenise,Preston,No Phone,jenise.preston@yahoo.com,68
155,155,Lory,Page,No Phone,lory.page@hotmail.com,15
156,156,Charlyn,Cantrell,No Phone,charlyn.cantrell@yahoo.com,188
157,157,Carola,Rodriquez,No Phone,carola.rodriquez@hotmail.com,14
158,158,Alane,Kennedy,No Phone,alane.kennedy@yahoo.com,168
159,159,Regina,Burns,No Phone,regina.burns@aol.com,63
160,160,Omer,Estrada,No Phone,omer.estrada@gmail.com,146
161,161,Crystle,Gilliam,No Phone,crystle.gilliam@yahoo.com,164
162,162,Kam,Wilder,No Phone,kam.wilder@hotmail.com,111
163,163,Margert,Stevens,No Phone,margert.stevens@aol.com,143
164,164,Tomika,Larson,No Phone,tomika.larson@yahoo.com,192
165,165,Jeromy,Burch,(408) 955-8238,jeromy.burch@msn.com,153
166,166,Lena,Mills,No Phone,lena.mills@yahoo.com,191
167,167,Loreta,Johnston,No Phone,loreta.johnston@yahoo.com,168
168,168,Nettie,Mcdaniel,No Phone,nettie.mcdaniel@hotmail.com,166
169,169,Karla,Kirk,No Phone,karla.kirk@yahoo.com,123
170,170,Regine,Gonzales,(805) 763-4045,regine.gonzales@gmail.com,121
171,171,Miriam,Baker,No Phone,miriam.baker@hotmail.com,177
172,172,Jeanie,Kirkland,No Phone,jeanie.kirkland@aol.com,156
173,173,Marquerite,Dawson,No Phone,marquerite.dawson@gmail.com,63
174,174,Babara,Ochoa,No Phone,babara.ochoa@aol.com,160
175,175,Nova,Hess,No Phone,nova.hess@msn.com,39
176,176,Carley,Reynolds,No Phone,carley.reynolds@gmail.com,165
177,177,Carissa,Foreman,No Phone,carissa.foreman@msn.com,95
178,178,Genoveva,Tyler,(212) 152-6381,genoveva.tyler@gmail.com,110
179,179,Deane,Sears,No Phone,deane.sears@hotmail.com,125
180,180,Karey,Steele,No Phone,karey.steele@gmail.com,51
181,181,Olevia,Pitts,No Phone,olevia.pitts@gmail.com,135
182,182,Jenniffer,Bullock,No Phone,jenniffer.bullock@msn.com,15
183,183,Jeniffer,Ratliff,No Phone,jeniffer.ratliff@gmail.com,52
184,184,Klara,Stanley,No Phone,klara.stanley@aol.com,185
185,185,Morton,Lee,No Phone,morton.lee@yahoo.com,149
186,186,Ken,Charles,No Phone,ken.charles@msn.com,102
187,187,Hedwig,Paul,No Phone,hedwig.paul@msn.com,6
188,188,Sharla,Flynn,(805) 478-7724,sharla.flynn@hotmail.com,121
189,189,Damian,Dawson,No Phone,damian.dawson@hotmail.com,88
190,190,Toya,Pratt,(562) 218-6405,toya.pratt@yahoo.com,90
191,191,Graciela,Barber,(805) 656-6987,graciela.barber@hotmail.com,121
192,192,Bong,Hebert,No Phone,bong.hebert@gmail.com,175
193,193,Ayanna,Rhodes,No Phone,ayanna.rhodes@msn.com,70
194,194,Dorine,Roberson,No Phone,dorine.roberson@msn.com,157
195,195,Addie,Hahn,No Phone,addie.hahn@hotmail.com,57
196,196,Edythe,Valencia,No Phone,edythe.valencia@yahoo.com,113
197,197,Andy,O'neill,No Phone,andy.o'neill@msn.com,136
198,198,Luis,Tyler,No Phone,luis.tyler@gmail.com,2
199,199,Clelia,Workman,No Phone,clelia.workman@yahoo.com,109
200,200,Ashely,Holmes,No Phone,ashely.holmes@aol.com,51
201,201,Candis,Harding,No Phone,candis.harding@gmail.com,13
202,202,Marni,Bolton,(717) 670-6268,marni.bolton@msn.com,84
203,203,Minerva,Decker,(281) 271-6390,minerva.decker@yahoo.com,74
204,204,Alpha,King,No Phone,alpha.king@hotmail.com,142
205,205,Harris,Pittman,No Phone,harris.pittman@yahoo.com,80
206,206,Stephaine,Riddle,No Phone,stephaine.riddle@hotmail.com,21
207,207,Michel,Blankenship,No Phone,michel.blankenship@msn.com,55
208,208,Denis,Logan,No Phone,denis.logan@msn.com,139
209,209,Jutta,Everett,No Phone,jutta.everett@gmail.com,162
210,210,Priscilla,Wilkins,(229) 322-2269,priscilla.wilkins@aol.com,1
211,211,Gilma,Dejesus,No Phone,gilma.dejesus@yahoo.com,160
212,212,Buford,Bridges,(248) 604-7346,buford.bridges@msn.com,176
213,213,Elenore,Hensley,No Phone,elenore.hensley@hotmail.com,66
214,214,Ross,Pugh,No Phone,ross.pugh@msn.com,113
215,215,Judith,Finley,No Phone,judith.finley@hotmail.com,190
216,216,Wai,Soto,No Phone,wai.soto@msn.com,18
217,217,Carline,Collier,(559) 810-6070,carline.collier@msn.com,60
218,218,Casey,Gill,No Phone,casey.gill@gmail.com,132
219,219,Darcie,Morgan,(442) 618-7068,darcie.morgan@aol.com,116
220,220,Lucio,Sherman,No Phone,lucio.sherman@gmail.com,164
221,221,Clementine,Mooney,No Phone,clementine.mooney@yahoo.com,98
222,222,Anya,Contreras,No Phone,anya.contreras@msn.com,42
223,223,Scarlet,Yates,No Phone,scarlet.yates@hotmail.com,124
224,224,Moses,Pope,No Phone,moses.pope@yahoo.com,85
225,225,Barbera,Riggs,No Phone,barbera.riggs@aol.com,126
226,226,Kiana,Rivera,No Phone,kiana.rivera@gmail.com,138
227,227,Danielle,Bond,No Phone,danielle.bond@msn.com,124
228,228,Whitney,Estes,(631) 315-4020,whitney.estes@gmail.com,19
229,229,Molly,Langley,No Phone,molly.langley@aol.com,71
230,230,Chelsey,Hardin,No Phone,chelsey.hardin@hotmail.com,36
231,231,Jenee,Rasmussen,(916) 219-1774,jenee.rasmussen@hotmail.com,147
232,232,Freddie,Mathis,No Phone,freddie.mathis@hotmail.com,48
233,233,Mariana,Strong,No Phone,mariana.strong@msn.com,156
234,234,Winfred,Harris,No Phone,winfred.harris@msn.com,41
235,235,Jeromy,Elliott,No Phone,jeromy.elliott@gmail.com,15
236,236,Verona,O'neill,No Phone,verona.o'neill@hotmail.com,162
237,237,Elvera,Peck,No Phone,elvera.peck@yahoo.com,14
238,238,Cindi,Larson,No Phone,cindi.larson@msn.com,75
239,239,Felice,Guzman,No Phone,felice.guzman@hotmail.com,25
240,240,Le,Deleon,No Phone,le.deleon@msn.com,14
241,241,Manie,Sanchez,No Phone,manie.sanchez@hotmail.com,134
242,242,Rutha,Howell,No Phone,rutha.howell@gmail.com,25
243,243,Natosha,Rowland,No Phone,natosha.rowland@aol.com,13
244,244,Jessika,Bray,No Phone,jessika.bray@yahoo.com,155
245,245,Delila,Hamilton,No Phone,delila.hamilton@yahoo.com,123
246,246,Dionne,Norris,No Phone,dionne.norris@yahoo.com,112
247,247,Muriel,Juarez,No Phone,muriel.juarez@gmail.com,123
248,248,Cecelia,Gill,No Phone,cecelia.gill@aol.com,98
249,249,Magda,Eaton,No Phone,magda.eaton@aol.com,119
250,250,Ivonne,Yang,(915) 181-1950,ivonne.yang@gmail.com,43
251,251,Kasie,Rodriquez,No Phone,kasie.rodriquez@aol.com,13
252,252,Eleni,Gordon,No Phone,eleni.gordon@hotmail.com,138
253,253,Maurice,Norton,No Phone,maurice.norton@hotmail.com,8
254,254,Cristobal,Hutchinson,No Phone,cristobal.hutchinson@gmail.com,85
255,255,Flossie,Holder,No Phone,flossie.holder@msn.com,97
256,256,Erma,Salinas,No Phone,erma.salinas@gmail.com,99
257,257,Earl,Stanley,No Phone,earl.stanley@gmail.com,44
258,258,Maribel,William,No Phone,maribel.william@aol.com,175
259,259,Johnathan,Velazquez,No Phone,johnathan.velazquez@hotmail.com,128
260,260,Rodrick,Shelton,No Phone,rodrick.shelton@hotmail.com,25
261,261,Ferne,Kline,No Phone,ferne.kline@hotmail.com,61
262,262,Rubin,Decker,(716) 950-9835,rubin.decker@gmail.com,22
263,263,Dortha,Jarvis,(442) 919-8256,dortha.jarvis@yahoo.com,116
264,264,Mariela,Huffman,No Phone,mariela.huffman@gmail.com,62
265,265,Mellisa,Farley,No Phone,mellisa.farley@yahoo.com,28
266,266,Myung,Hooper,No Phone,myung.hooper@gmail.com,45
267,267,Angelina,Lloyd,No Phone,angelina.lloyd@yahoo.com,6
268,268,Trinity,Riddle,No Phone,trinity.riddle@aol.com,13
269,269,Barton,Crosby,No Phone,barton.crosby@msn.com,17
270,270,Claudio,Wise,No Phone,claudio.wise@hotmail.com,82
271,271,Katheleen,Marks,No Phone,katheleen.marks@yahoo.com,91
272,272,Deja,Chaney,No Phone,deja.chaney@hotmail.com,80
273,273,Queenie,Vance,No Phone,queenie.vance@gmail.com,122
274,274,Josh,Shaw,No Phone,josh.shaw@gmail.com,73
275,275,Pinkie,Kirkland,No Phone,pinkie.kirkland@yahoo.com,149
276,276,Lavette,Wright,No Phone,lavette.wright@msn.com,144
277,277,Mark,Garrett,No Phone,mark.garrett@msn.com,101
278,278,Myesha,Burgess,No Phone,myesha.burgess@gmail.com,23
279,279,Justina,Long,No Phone,justina.long@aol.com,165
280,280,Brenda,Tate,No Phone,brenda.tate@msn.com,149
281,281,Rayna,Perry,No Phone,rayna.perry@hotmail.com,122
282,282,Randolph,Chase,No Phone,randolph.chase@yahoo.com,154
283,283,Jaimee,Day,No Phone,jaimee.day@aol.com,133
284,284,Susann,Bass,No Phone,susann.bass@msn.com,31
285,285,Leola,Gould,No Phone,leola.gould@gmail.com,7
286,286,Virgil,Frost,No Phone,virgil.frost@gmail.com,86
287,287,Mireille,Puckett,(805) 961-9909,mireille.puckett@hotmail.com,121
288,288,Keturah,Massey,No Phone,keturah.massey@msn.com,14
289,289,Charmain,Webster,No Phone,charmain.webster@hotmail.com,137
290,290,Barry,Buckner,No Phone,barry.buckner@gmail.com,27
291,291,Boyce,Burks,No Phone,boyce.burks@gmail.com,172
292,292,Monty,Frost,(516) 460-5396,monty.frost@aol.com,69
293,293,Tiny,French,No Phone,tiny.french@hotmail.com,126
294,294,Clementina,Sargent,No Phone,clementina.sargent@hotmail.com,143
295,295,Danny,Kim,No Phone,danny.kim@msn.com,166
296,296,Sophia,Mcmillan,No Phone,sophia.mcmillan@msn.com,177
297,297,Christia,Carson,No Phone,christia.carson@gmail.com,68
298,298,Jennie,Middleton,No Phone,jennie.middleton@gmail.com,178
299,299,Jame,Riggs,No Phone,jame.riggs@hotmail.com,15
300,300,Rayford,Simon,No Phone,rayford.simon@msn.com,104
301,301,Annett,Garrett,No Phone,annett.garrett@yahoo.com,160
302,302,Hayden,Cross,No Phone,hayden.cross@gmail.com,6
303,303,Rolanda,Larsen,No Phone,rolanda.larsen@yahoo.com,191
304,304,Jayme,Zamora,No Phone,jayme.zamora@gmail.com,169
305,305,Hope,Cotton,No Phone,hope.cotton@aol.com,135
306,306,Vikki,Erickson,No Phone,vikki.erickson@yahoo.com,82
307,307,Fransisca,Nicholson,No Phone,fransisca.nicholson@aol.com,65
308,308,Mazie,Fernandez,No Phone,mazie.fernandez@hotmail.com,185
309,309,Anderson,Martin,No Phone,anderson.martin@hotmail.com,24
310,310,Gilberto,Parsons,No Phone,gilberto.parsons@gmail.com,100
311,311,Charise,Burt,(559) 888-2229,charise.burt@aol.com,60
312,312,Cameron,Carroll,No Phone,cameron.carroll@yahoo.com,91
313,313,Melani,Jarvis,No Phone,melani.jarvis@hotmail.com,95
314,314,Javier,Nichols,No Phone,javier.nichols@msn.com,146
315,315,Justina,Jenkins,No Phone,justina.jenkins@yahoo.com,11
316,316,Hortencia,Graham,No Phone,hortencia.graham@aol.com,48
317,317,Christia,Wilkins,No Phone,christia.wilkins@msn.com,192
318,318,Eliz,Whitney,No Phone,eliz.whitney@msn.com,61
319,319,Justin,Newton,No Phone,justin.newton@hotmail.com,6
320,320,Aron,Wiggins,(442) 497-3353,aron.wiggins@aol.com,116
321,321,Chere,Hardin,No Phone,chere.hardin@yahoo.com,21
322,322,Merideth,Preston,No Phone,merideth.preston@yahoo.com,133
323,323,Jeniffer,Slater,No Phone,jeniffer.slater@aol.com,161
324,324,Laureen,Paul,No Phone,laureen.paul@yahoo.com,17
325,325,Berna,Moore,No Phone,berna.moore@hotmail.com,20
326,326,Shiela,Calderon,No Phone,shiela.calderon@msn.com,141
327,327,Sharie,Alvarez,(212) 211-7621,sharie.alvarez@msn.com,110
328,328,Bettie,Glover,No Phone,bettie.glover@gmail.com,48
329,329,Marilyn,Frank,No Phone,marilyn.frank@aol.com,130
330,330,Sheba,Knapp,No Phone,sheba.knapp@aol.com,192
331,331,Aleta,Mack,No Phone,aleta.mack@yahoo.com,15
332,332,Reena,Higgins,No Phone,reena.higgins@gmail.com,25
333,333,Ami,Mcmahon,No Phone,ami.mcmahon@aol.com,172
334,334,Somer,Jordan,No Phone,somer.jordan@msn.com,77
335,335,Scarlet,Reed,No Phone,scarlet.reed@hotmail.com,20
336,336,Trisha,Johnson,(717) 126-8787,trisha.johnson@msn.com,84
337,337,Majorie,Wyatt,No Phone,majorie.wyatt@yahoo.com,166
338,338,Abbey,Pugh,No Phone,abbey.pugh@gmail.com,54
339,339,Tamela,Harrell,No Phone,tamela.harrell@aol.com,28
340,340,Yanira,Bradshaw,No Phone,yanira.bradshaw@gmail.com,164
341,341,Delana,Scott,No Phone,delana.scott@yahoo.com,103
342,342,Cassondra,Pruitt,No Phone,cassondra.pruitt@aol.com,99
343,343,Jesica,Fields,No Phone,jesica.fields@yahoo.com,31
344,344,Herta,Rollins,No Phone,herta.rollins@msn.com,104
345,345,Mi,Gray,(229) 813-2130,mi.gray@aol.com,1
346,346,Jacalyn,Barnett,No Phone,jacalyn.barnett@gmail.com,95
347,347,Kanesha,Hudson,(510) 788-7298,kanesha.hudson@gmail.com,114
348,348,Darren,Witt,No Phone,darren.witt@aol.com,30
349,349,Mable,Pratt,No Phone,mable.pratt@gmail.com,30
350,350,Christoper,Mccall,No Phone,christoper.mccall@msn.com,15
351,351,Margorie,Wynn,No Phone,margorie.wynn@gmail.com,102
352,352,Josef,Greer,No Phone,josef.greer@gmail.com,80
353,353,Tisa,Whitney,No Phone,tisa.whitney@yahoo.com,102
354,354,Tonda,Armstrong,No Phone,tonda.armstrong@aol.com,172
355,355,Arvilla,Weiss,No Phone,arvilla.weiss@msn.com,15
356,356,Vashti,Rosario,No Phone,vashti.rosario@yahoo.com,20
357,357,Sheri,Cole,(408) 658-2285,sheri.cole@aol.com,153
358,358,Kandace,Giles,No Phone,kandace.giles@msn.com,183
359,359,Angie,Powers,No Phone,angie.powers@aol.com,129
360,360,Van,Peters,(281) 658-7772,van.peters@yahoo.com,74
361,361,Virgina,Berg,No Phone,virgina.berg@yahoo.com,180
362,362,Olevia,Noel,No Phone,olevia.noel@yahoo.com,82
363,363,Kaci,Gallegos,No Phone,kaci.gallegos@gmail.com,13
364,364,Bev,Chang,No Phone,bev.chang@yahoo.com,78
365,365,Rodger,Rojas,No Phone,rodger.rojas@yahoo.com,16
366,366,Lavonne,Anderson,No Phone,lavonne.anderson@aol.com,52
367,367,Blanca,Hooper,No Phone,blanca.hooper@msn.com,122
368,368,Alysha,Powers,No Phone,alysha.powers@msn.com,54
369,369,Mary,Singleton,No Phone,mary.singleton@hotmail.com,192
370,370,Jina,Cooper,No Phone,jina.cooper@aol.com,75
371,371,Loni,Duncan,No Phone,loni.duncan@gmail.com,145
372,372,Collene,Roman,No Phone,collene.roman@aol.com,184
373,373,Mariette,Trevino,No Phone,mariette.trevino@aol.com,179
374,374,Candelaria,Coffey,No Phone,candelaria.coffey@aol.com,99
375,375,Yan,Trevino,No Phone,yan.trevino@gmail.com,177
376,376,Elanor,Patrick,No Phone,elanor.patrick@aol.com,181
377,377,Klara,Mosley,No Phone,klara.mosley@gmail.com,130
378,378,Rosalba,O'neal,No Phone,rosalba.o'neal@yahoo.com,103
379,379,Mina,Carrillo,No Phone,mina.carrillo@aol.com,177
380,380,Alesia,Horne,No Phone,alesia.horne@aol.com,162
381,381,Kristen,Alvarez,No Phone,kristen.alvarez@aol.com,20
382,382,Collin,Webster,No Phone,collin.webster@aol.com,75
383,383,Ashlee,Pena,No Phone,ashlee.pena@aol.com,190
384,384,Aimee,Merritt,No Phone,aimee.merritt@yahoo.com,53
385,385,Rochelle,Ward,No Phone,rochelle.ward@yahoo.com,65
386,386,Nelle,Beck,No Phone,nelle.beck@aol.com,178
387,387,Kaila,Walters,No Phone,kaila.walters@msn.com,44
388,388,Aleta,Stone,No Phone,aleta.stone@aol.com,190
389,389,Leif,Short,No Phone,leif.short@gmail.com,149
390,390,Lorrie,Pollard,No Phone,lorrie.pollard@yahoo.com,144
391,391,Vernita,Ball,No Phone,vernita.ball@gmail.com,93
392,392,Cyndi,Bush,No Phone,cyndi.bush@gmail.com,44
393,393,Gertrude,Terry,No Phone,gertrude.terry@hotmail.com,178
394,394,Virgen,Clemons,No Phone,virgen.clemons@gmail.com,165
395,395,Fairy,Robinson,No Phone,fairy.robinson@msn.com,88
396,396,Laverna,Hernandez,No Phone,laverna.hernandez@hotmail.com,112
397,397,Jeannie,Wilcox,No Phone,jeannie.wilcox@yahoo.com,57
398,398,Suellen,Mercado,No Phone,suellen.mercado@yahoo.com,172
399,399,Bart,Hess,No Phone,bart.hess@aol.com,82
400,400,Alfredo,Dodson,No Phone,alfredo.dodson@hotmail.com,37
401,401,Shaunda,Barnett,No Phone,shaunda.barnett@gmail.com,91
402,402,Kerrie,Morton,No Phone,kerrie.morton@hotmail.com,125
403,403,Elouise,Fry,No Phone,elouise.fry@aol.com,25
404,404,Augustus,Steele,No Phone,augustus.steele@aol.com,13
405,405,Greta,Page,No Phone,greta.page@hotmail.com,31
406,406,Kerrie,O'neill,No Phone,kerrie.o'neill@gmail.com,163
407,407,Dannette,Guerrero,No Phone,dannette.guerrero@gmail.com,155
408,408,Edra,Fitzgerald,No Phone,edra.fitzgerald@msn.com,28
409,409,Jerome,Bolton,No Phone,jerome.bolton@msn.com,26
410,410,Conception,Slater,No Phone,conception.slater@gmail.com,17
411,411,Octavia,Case,(212) 171-1335,octavia.case@aol.com,110
412,412,Dexter,Roberts,No Phone,dexter.roberts@gmail.com,172
413,413,Ginette,Edwards,No Phone,ginette.edwards@hotmail.com,11
414,414,Romaine,Haley,No Phone,romaine.haley@aol.com,78
415,415,Gwendolyn,Miller,No Phone,gwendolyn.miller@msn.com,67
416,416,Luke,Fuller,(516) 363-2253,luke.fuller@hotmail.com,69
417,417,Zoraida,Patton,No Phone,zoraida.patton@aol.com,77
418,418,Georgeanna,Webster,(805) 885-8830,georgeanna.webster@msn.com,121
419,419,Krystin,Marshall,No Phone,krystin.marshall@hotmail.com,133
420,420,Vince,Schneider,No Phone,vince.schneider@hotmail.com,99
421,421,Iola,Rasmussen,No Phone,iola.rasmussen@yahoo.com,101
422,422,Valery,Saunders,No Phone,valery.saunders@msn.com,181
423,423,Johna,Powers,No Phone,johna.powers@hotmail.com,36
424,424,Charleen,Hurst,No Phone,charleen.hurst@yahoo.com,179
425,425,Augustina,Joyner,No Phone,augustina.joyner@aol.com,103
426,426,Daisy,Ward,No Phone,daisy.ward@msn.com,129
427,427,Latonya,Dixon,No Phone,latonya.dixon@hotmail.com,63
428,428,Hipolito,Padilla,No Phone,hipolito.padilla@hotmail.com,108
429,429,Emmett,Casey,No Phone,emmett.casey@yahoo.com,180
430,430,Kandi,Mcneil,No Phone,kandi.mcneil@msn.com,97
431,431,Luciano,Marsh,No Phone,luciano.marsh@aol.com,17
432,432,Julius,Holt,No Phone,julius.holt@aol.com,41
433,433,Holly,Nieves,No Phone,holly.nieves@aol.com,91
434,434,Douglass,Little,No Phone,douglass.little@hotmail.com,39
435,435,Izola,Hobbs,No Phone,izola.hobbs@gmail.com,191
436,436,Honey,Camacho,No Phone,honey.camacho@gmail.com,16
437,437,Laureen,Barry,No Phone,laureen.barry@yahoo.com,118
438,438,Katharine,Herrera,No Phone,katharine.herrera@hotmail.com,134
439,439,Sunshine,Rosario,No Phone,sunshine.rosario@aol.com,80
440,440,Yevette,Todd,No Phone,yevette.todd@aol.com,13
441,441,Dorthea,Walker,No Phone,dorthea.walker@aol.com,132
442,442,Alane,Munoz,(914) 706-7576,alane.munoz@gmail.com,193
443,443,Ayana,Keith,(805) 230-2101,ayana.keith@hotmail.com,121
444,444,Caridad,Compton,No Phone,caridad.compton@aol.com,154
445,445,Earline,Ballard,No Phone,earline.ballard@hotmail.com,103
446,446,Nathanael,Bradley,No Phone,nathanael.bradley@aol.com,4
447,447,Chasidy,Tran,No Phone,chasidy.tran@msn.com,182
448,448,Janella,Bright,(507) 616-2958,janella.bright@aol.com,140
449,449,Josie,Schultz,No Phone,josie.schultz@hotmail.com,25
450,450,Ellsworth,Michael,No Phone,ellsworth.michael@yahoo.com,26
451,451,Jennette,Wooten,No Phone,jennette.wooten@msn.com,146
452,452,Cassandra,Nichols,No Phone,cassandra.nichols@yahoo.com,70
453,453,Courtney,Wyatt,No Phone,courtney.wyatt@gmail.com,62
454,454,Terese,Palmer,No Phone,terese.palmer@hotmail.com,15
455,455,Sherita,Cherry,No Phone,sherita.cherry@gmail.com,88
456,456,Serina,Hensley,No Phone,serina.hensley@yahoo.com,80
457,457,Jeni,Farley,No Phone,jeni.farley@aol.com,138
458,458,Everett,Vega,No Phone,everett.vega@yahoo.com,71
459,459,Latosha,Dalton,(661) 529-4501,latosha.dalton@yahoo.com,10
460,460,Romelia,Myers,No Phone,romelia.myers@msn.com,62
461,461,Effie,Jenkins,(631) 477-1277,effie.jenkins@msn.com,19
462,462,Efren,Oliver,No Phone,efren.oliver@gmail.com,105
463,463,Jerlene,Rios,No Phone,jerlene.rios@yahoo.com,126
464,464,Bess,Mcbride,No Phone,bess.mcbride@yahoo.com,62
465,465,Birdie,Kramer,(248) 725-2174,birdie.kramer@hotmail.com,176
466,466,Collen,Hayes,No Phone,collen.hayes@yahoo.com,164
467,467,Clare,Neal,No Phone,clare.neal@msn.com,94
468,468,Jeanett,Herman,No Phone,jeanett.herman@hotmail.com,87
469,469,Micki,Rutledge,No Phone,micki.rutledge@aol.com,138
470,470,Loise,Walker,No Phone,loise.walker@aol.com,163
471,471,Burma,Summers,No Phone,burma.summers@yahoo.com,58
472,472,Myron,Ruiz,No Phone,myron.ruiz@gmail.com,3
473,473,Lashawna,Richardson,No Phone,lashawna.richardson@hotmail.com,11
474,474,Lavern,Orr,No Phone,lavern.orr@hotmail.com,185
475,475,Alec,Peck,No Phone,alec.peck@hotmail.com,181
476,476,Christopher,Richardson,No Phone,christopher.richardson@gmail.com,157
477,477,Arminda,Weber,No Phone,arminda.weber@yahoo.com,17
478,478,Emmett,Hahn,No Phone,emmett.hahn@hotmail.com,58
479,479,Gertha,Mejia,No Phone,gertha.mejia@yahoo.com,53
480,480,Garland,Weaver,No Phone,garland.weaver@gmail.com,4
481,481,Jayson,Rutledge,No Phone,jayson.rutledge@yahoo.com,83
482,482,Narcisa,Knapp,No Phone,narcisa.knapp@aol.com,2
483,483,Gayla,Sims,No Phone,gayla.sims@gmail.com,87
484,484,Chelsey,Boyd,No Phone,chelsey.boyd@yahoo.com,48
485,485,Catherine,Miles,No Phone,catherine.miles@msn.com,40
486,486,Valeri,Marshall,No Phone,valeri.marshall@hotmail.com,41
487,487,Grace,Madden,No Phone,grace.madden@gmail.com,155
488,488,Joaquin,Hawkins,(657) 557-1746,joaquin.hawkins@aol.com,5
489,489,Kirstie,Vazquez,No Phone,kirstie.vazquez@gmail.com,159
490,490,Yu,Mcdonald,No Phone,yu.mcdonald@aol.com,119
491,491,Celestine,Jacobs,No Phone,celestine.jacobs@gmail.com,96
492,492,Justa,Thompson,No Phone,justa.thompson@aol.com,34
493,493,Lise,Alvarado,No Phone,lise.alvarado@gmail.com,66
494,494,Pearl,Fox,No Phone,pearl.fox@yahoo.com,177
495,495,Travis,Goodman,No Phone,travis.goodman@yahoo.com,93
496,496,Shu,Mays,No Phone,shu.mays@gmail.com,7
497,497,Ezra,Fowler,No Phone,ezra.fowler@hotmail.com,105
498,498,Edda,Young,No Phone,edda.young@gmail.com,113
499,499,Lidia,Ashley,No Phone,lidia.ashley@hotmail.com,12
500,500,Moira,Lester,No Phone,moira.lester@msn.com,79
501,501,Tony,Hicks,(657) 260-6783,tony.hicks@gmail.com,5
502,502,Malinda,Baxter,No Phone,malinda.baxter@yahoo.com,190
503,503,Marlo,Jefferson,No Phone,marlo.jefferson@gmail.com,112
504,504,Tiana,Henderson,No Phone,tiana.henderson@aol.com,57
505,505,Wilda,Petersen,No Phone,wilda.petersen@aol.com,80
506,506,Irving,Pitts,No Phone,irving.pitts@msn.com,175
507,507,Sheree,Pena,No Phone,sheree.pena@yahoo.com,170
508,508,Vance,Taylor,(717) 218-5607,vance.taylor@msn.com,84
509,509,Terra,Pickett,No Phone,terra.pickett@aol.com,4
510,510,Faustino,Delacruz,No Phone,faustino.delacruz@msn.com,167
511,511,Julienne,Moody,(682) 841-4643,julienne.moody@hotmail.com,56
512,512,Hee,Greer,No Phone,hee.greer@hotmail.com,162
513,513,Whitney,Cash,No Phone,whitney.cash@gmail.com,66
514,514,Clarita,Curry,No Phone,clarita.curry@hotmail.com,72
515,515,Reita,Dickson,No Phone,reita.dickson@hotmail.com,160
516,516,Rosa,Kinney,No Phone,rosa.kinney@yahoo.com,21
517,517,Buford,Gilbert,No Phone,buford.gilbert@yahoo.com,17
518,518,Homer,Powers,No Phone,homer.powers@msn.com,123
519,519,Rudolf,Gilliam,No Phone,rudolf.gilliam@aol.com,123
520,520,Andreas,Herman,No Phone,andreas.herman@msn.com,103
521,521,Max,Charles,No Phone,max.charles@gmail.com,64
522,522,Tammera,Fischer,(510) 534-8845,tammera.fischer@hotmail.com,114
523,523,Joshua,Robertson,No Phone,joshua.robertson@gmail.com,124
524,524,Larraine,Horn,No Phone,larraine.horn@msn.com,179
525,525,Andreas,Mayer,No Phone,andreas.mayer@hotmail.com,108
526,526,Lazaro,Moran,No Phone,lazaro.moran@gmail.com,171
527,527,Afton,Juarez,No Phone,afton.juarez@gmail.com,33
528,528,Angele,Schroeder,(845) 804-6312,angele.schroeder@yahoo.com,106
529,529,Ellena,Clements,No Phone,ellena.clements@aol.com,158
530,530,Selene,Austin,No Phone,selene.austin@msn.com,39
531,531,Kimberely,Bowen,(248) 199-2582,kimberely.bowen@hotmail.com,176
532,532,Mia,Delgado,No Phone,mia.delgado@yahoo.com,30
533,533,Garret,Clay,(361) 687-9477,garret.clay@yahoo.com,35
534,534,Alejandro,Haney,No Phone,alejandro.haney@msn.com,183
535,535,Inge,Olsen,(562) 719-5041,inge.olsen@msn.com,90
536,536,Christiane,Bradford,No Phone,christiane.bradford@gmail.com,118
537,537,Carter,Bentley,No Phone,carter.bentley@yahoo.com,26
538,538,Sherie,Ayala,No Phone,sherie.ayala@msn.com,165
539,539,Jamika,Acevedo,No Phone,jamika.acevedo@yahoo.com,122
540,540,Shery,Randolph,No Phone,shery.randolph@hotmail.com,117
541,541,Lanita,Burton,No Phone,lanita.burton@msn.com,30
542,542,Timothy,Byers,No Phone,timothy.byers@msn.com,144
543,543,Jasmin,Young,No Phone,jasmin.young@gmail.com,68
544,544,Catarina,Mendez,No Phone,catarina.mendez@hotmail.com,188
545,545,Tajuana,Rollins,No Phone,tajuana.rollins@msn.com,120
546,546,Thad,Castro,(631) 943-1407,thad.castro@msn.com,19
547,547,Tena,Huber,No Phone,tena.huber@gmail.com,111
548,548,Dori,Alvarez,No Phone,dori.alvarez@msn.com,82
549,549,Elmo,Arnold,(562) 841-9339,elmo.arnold@aol.com,90
550,550,Felicidad,Golden,No Phone,felicidad.golden@yahoo.com,89
551,551,Jenine,Crane,(682) 183-6555,jenine.crane@msn.com,56
552,552,Lea,Key,No Phone,lea.key@yahoo.com,14
553,553,Rory,Cooper,No Phone,rory.cooper@gmail.com,141
554,554,Hilde,Nieves,No Phone,hilde.nieves@gmail.com,23
555,555,Marry,Benjamin,No Phone,marry.benjamin@yahoo.com,55
556,556,Vernell,Goff,No Phone,vernell.goff@msn.com,101
557,557,Erlene,Cook,No Phone,erlene.cook@gmail.com,103
558,558,Carroll,Kelly,No Phone,carroll.kelly@yahoo.com,101
559,559,Basilia,Thornton,(631) 592-9548,basilia.thornton@hotmail.com,19
560,560,Tricia,Daniels,No Phone,tricia.daniels@gmail.com,55
561,561,Kandace,Hughes,No Phone,kandace.hughes@hotmail.com,154
562,562,Alejandro,Norman,No Phone,alejandro.norman@yahoo.com,178
563,563,Rodney,Odom,No Phone,rodney.odom@yahoo.com,138
564,564,Bettie,Pierce,No Phone,bettie.pierce@gmail.com,51
565,565,Dagny,Owen,No Phone,dagny.owen@hotmail.com,149
566,566,Cinthia,Poole,No Phone,cinthia.poole@aol.com,83
567,567,Sheila,Travis,No Phone,sheila.travis@yahoo.com,91
568,568,Arcelia,Vinson,No Phone,arcelia.vinson@gmail.com,188
569,569,Lucas,Estes,No Phone,lucas.estes@yahoo.com,158
570,570,Marissa,Summers,No Phone,marissa.summers@msn.com,148
571,571,Kaley,Blanchard,No Phone,kaley.blanchard@msn.com,123
572,572,Wm,Pope,No Phone,wm.pope@msn.com,9
573,573,Rubye,Mccall,(248) 764-3359,rubye.mccall@hotmail.com,176
574,574,Adriene,Rivera,No Phone,adriene.rivera@hotmail.com,46
575,575,Laurence,Christian,No Phone,laurence.christian@gmail.com,80
576,576,Shirely,Stanley,(915) 437-6113,shirely.stanley@gmail.com,43
577,577,Danille,Mcfarland,No Phone,danille.mcfarland@msn.com,141
578,578,Salena,Day,No Phone,salena.day@msn.com,154
579,579,Matilda,Larson,No Phone,matilda.larson@hotmail.com,67
580,580,Mellisa,Kim,(424) 151-6481,mellisa.kim@aol.com,92
581,581,Vonda,Berger,No Phone,vonda.berger@yahoo.com,156
582,582,Soledad,Moses,No Phone,soledad.moses@yahoo.com,79
583,583,Lashandra,Turner,(562) 327-9469,lashandra.turner@hotmail.com,90
584,584,Lynne,Anderson,(915) 789-6666,lynne.anderson@msn.com,43
585,585,Chasidy,Webster,No Phone,chasidy.webster@msn.com,141
586,586,Ulysses,Gaines,No Phone,ulysses.gaines@aol.com,102
587,587,Euna,Lopez,No Phone,euna.lopez@gmail.com,26
588,588,Cherelle,Key,No Phone,cherelle.key@msn.com,180
589,589,Jeffry,Church,No Phone,jeffry.church@msn.com,128
590,590,Cyndi,Dyer,No Phone,cyndi.dyer@msn.com,11
591,591,Danilo,Holmes,No Phone,danilo.holmes@gmail.com,70
592,592,Joni,Lee,No Phone,joni.lee@gmail.com,27
593,593,Antony,Atkinson,No Phone,antony.atkinson@msn.com,164
594,594,Deanne,Parsons,No Phone,deanne.parsons@aol.com,87
595,595,Frederica,Rojas,No Phone,frederica.rojas@yahoo.com,78
596,596,Emelda,Dickerson,No Phone,emelda.dickerson@aol.com,66
597,597,Rudolf,Moran,No Phone,rudolf.moran@gmail.com,95
598,598,Benito,Hendrix,No Phone,benito.hendrix@gmail.com,37
599,599,Jonell,Rivas,No Phone,jonell.rivas@msn.com,2
600,600,Joi,Reeves,(619) 952-9613,joi.reeves@msn.com,152
601,601,Leland,Mcdowell,No Phone,leland.mcdowell@gmail.com,46
602,602,Delaine,Estes,No Phone,delaine.estes@yahoo.com,2
603,603,Genevieve,Juarez,No Phone,genevieve.juarez@gmail.com,107
604,604,Kylee,Dickson,No Phone,kylee.dickson@gmail.com,3
605,605,Renita,Henry,No Phone,renita.henry@msn.com,108
606,606,Sarah,Kirkland,No Phone,sarah.kirkland@aol.com,184
607,607,Paul,Lester,No Phone,paul.lester@gmail.com,182
608,608,Taisha,Vang,No Phone,taisha.vang@yahoo.com,163
609,609,Eliana,Reese,No Phone,eliana.reese@hotmail.com,191
610,610,Leonore,Dorsey,No Phone,leonore.dorsey@yahoo.com,79
611,611,Ashleigh,Frank,No Phone,ashleigh.frank@gmail.com,86
612,612,Gabriel,Wagner,No Phone,gabriel.wagner@msn.com,13
613,613,Margene,Eaton,No Phone,margene.eaton@yahoo.com,183
614,614,Toshia,Cardenas,No Phone,toshia.cardenas@gmail.com,4
615,615,Jamika,Blanchard,No Phone,jamika.blanchard@gmail.com,59
616,616,Shery,Acosta,No Phone,shery.acosta@yahoo.com,159
617,617,Jenna,Saunders,No Phone,jenna.saunders@aol.com,194
618,618,Skye,Pope,No Phone,skye.pope@yahoo.com,138
619,619,Ana,Palmer,(657) 323-8684,ana.palmer@yahoo.com,5
620,620,Eric,Hardin,No Phone,eric.hardin@gmail.com,80
621,621,Basil,Ballard,No Phone,basil.ballard@yahoo.com,154
622,622,Gabriel,Pitts,No Phone,gabriel.pitts@gmail.com,29
623,623,Cayla,Johnson,No Phone,cayla.johnson@msn.com,33
624,624,Sharika,Colon,(562) 452-6136,sharika.colon@gmail.com,90
625,625,Donnetta,Henson,No Phone,donnetta.henson@hotmail.com,185
626,626,Leigh,Burke,No Phone,leigh.burke@hotmail.com,161
627,627,Deloris,Larson,No Phone,deloris.larson@aol.com,39
628,628,Ehtel,Cobb,No Phone,ehtel.cobb@hotmail.com,89
629,629,Evelina,Byrd,(716) 601-7704,evelina.byrd@msn.com,22
630,630,Zulema,Browning,No Phone,zulema.browning@gmail.com,4
631,631,Tressa,Weiss,No Phone,tressa.weiss@msn.com,119
632,632,Yvette,Rogers,No Phone,yvette.rogers@aol.com,57
633,633,Kiara,Deleon,(657) 378-8011,kiara.deleon@gmail.com,5
634,634,Taylor,Cole,No Phone,taylor.cole@gmail.com,26
635,635,Myrtie,James,No Phone,myrtie.james@yahoo.com,99
636,636,Ashton,Lott,No Phone,ashton.lott@hotmail.com,52
637,637,Kara,Higgins,No Phone,kara.higgins@aol.com,119
638,638,Tomeka,Higgins,No Phone,tomeka.higgins@msn.com,133
639,639,Ronald,Parsons,No Phone,ronald.parsons@msn.com,95
640,640,Allison,Nolan,(845) 276-5729,allison.nolan@gmail.com,106
641,641,Derrick,Marks,No Phone,derrick.marks@yahoo.com,65
642,642,Yang,Roth,No Phone,yang.roth@aol.com,185
643,643,Melba,Wilkinson,No Phone,melba.wilkinson@gmail.com,52
644,644,Valentin,Mclaughlin,No Phone,valentin.mclaughlin@hotmail.com,87
645,645,Lewis,Garner,(631) 871-2512,lewis.garner@gmail.com,19
646,646,Ann,Heath,No Phone,ann.heath@msn.com,165
647,647,Janelle,Maldonado,No Phone,janelle.maldonado@gmail.com,138
648,648,Catrice,Hicks,No Phone,catrice.hicks@yahoo.com,155
649,649,Eli,Contreras,No Phone,eli.contreras@hotmail.com,144
650,650,Rita,Bailey,No Phone,rita.bailey@hotmail.com,119
651,651,Laure,Pena,No Phone,laure.pena@yahoo.com,184
652,652,Tilda,Melton,(248) 767-4165,tilda.melton@msn.com,176
653,653,Florencio,Davenport,No Phone,florencio.davenport@yahoo.com,81
654,654,Eun,Harris,(619) 378-2432,eun.harris@gmail.com,152
655,655,Marylyn,Browning,No Phone,marylyn.browning@msn.com,160
656,656,Romana,Barnes,No Phone,romana.barnes@yahoo.com,52
657,657,Sam,Lester,No Phone,sam.lester@gmail.com,11
658,658,Nicki,Larson,No Phone,nicki.larson@yahoo.com,102
659,659,Antonetta,Rocha,No Phone,antonetta.rocha@yahoo.com,130
660,660,Shara,Pope,No Phone,shara.pope@msn.com,139
661,661,Trena,Hudson,No Phone,trena.hudson@hotmail.com,101
662,662,Loraine,Sykes,No Phone,loraine.sykes@yahoo.com,160
663,663,Alissa,Hood,No Phone,alissa.hood@gmail.com,109
664,664,Augustus,Schmidt,No Phone,augustus.schmidt@msn.com,34
665,665,Stacie,Sims,(510) 194-5117,stacie.sims@hotmail.com,114
666,666,Brittni,Green,No Phone,brittni.green@msn.com,52
667,667,Etsuko,Garrison,No Phone,etsuko.garrison@yahoo.com,138
668,668,Calandra,Stanton,No Phone,calandra.stanton@aol.com,83
669,669,Willis,Randolph,No Phone,willis.randolph@yahoo.com,67
670,670,Shawnda,Glover,No Phone,shawnda.glover@gmail.com,88
671,671,Jennette,Baker,No Phone,jennette.baker@gmail.com,14
672,672,Elma,Molina,No Phone,elma.molina@msn.com,108
673,673,Adam,Henderson,No Phone,adam.henderson@hotmail.com,93
674,674,Ira,Moore,No Phone,ira.moore@gmail.com,159
675,675,Kermit,Bowman,(915) 996-5952,kermit.bowman@gmail.com,43
676,676,Gayle,Wilkinson,No Phone,gayle.wilkinson@yahoo.com,87
677,677,Launa,Hull,No Phone,launa.hull@yahoo.com,68
678,678,Myron,Johns,No Phone,myron.johns@msn.com,190
679,679,Tuan,Wolfe,No Phone,tuan.wolfe@aol.com,186
680,680,Mathilda,Pennington,(845) 407-9524,mathilda.pennington@gmail.com,106
681,681,Reatha,Perez,No Phone,reatha.perez@aol.com,71
682,682,Arnita,Thomas,No Phone,arnita.thomas@gmail.com,118
683,683,Amparo,Burks,No Phone,amparo.burks@aol.com,99
684,684,Jenny,Bell,No Phone,jenny.bell@hotmail.com,112
685,685,Laverne,Craft,No Phone,laverne.craft@aol.com,54
686,686,Darcel,Harmon,No Phone,darcel.harmon@msn.com,156
687,687,Cecilia,Camacho,No Phone,cecilia.camacho@yahoo.com,38
688,688,Pearlie,Cochran,No Phone,pearlie.cochran@msn.com,23
689,689,Deirdre,Ryan,No Phone,deirdre.ryan@yahoo.com,179
690,690,Yevette,Elliott,No Phone,yevette.elliott@aol.com,79
691,691,Ladawn,Downs,(281) 165-2090,ladawn.downs@yahoo.com,74
692,692,Dorothea,Chang,No Phone,dorothea.chang@gmail.com,7
693,693,Merlin,Foreman,(516) 150-1321,merlin.foreman@msn.com,69
694,694,Lanie,Dunn,No Phone,lanie.dunn@gmail.com,113
695,695,Christoper,Gould,No Phone,christoper.gould@aol.com,163
696,696,Norine,Huffman,No Phone,norine.huffman@aol.com,46
697,697,Alane,Mccarty,(619) 377-8586,alane.mccarty@hotmail.com,152
698,698,Charleen,Joyner,No Phone,charleen.joyner@aol.com,34
699,699,Zella,Fernandez,No Phone,zella.fernandez@yahoo.com,142
700,700,Collene,Knox,(361) 760-1523,collene.knox@msn.com,35
701,701,Alysia,Nicholson,(805) 493-7311,alysia.nicholson@hotmail.com,121
702,702,Sharie,Whitaker,No Phone,sharie.whitaker@hotmail.com,99
703,703,Diana,Cobb,No Phone,diana.cobb@hotmail.com,61
704,704,Morton,Barron,(661) 386-4884,morton.barron@msn.com,10
705,705,Camille,Harvey,No Phone,camille.harvey@hotmail.com,76
706,706,Lolita,O'neill,No Phone,lolita.o'neill@aol.com,97
707,707,Terese,Briggs,No Phone,terese.briggs@msn.com,192
708,708,Majorie,Glover,No Phone,majorie.glover@msn.com,6
709,709,Vinnie,Chan,No Phone,vinnie.chan@aol.com,54
710,710,Ezra,Silva,No Phone,ezra.silva@msn.com,109
711,711,Jovita,Bishop,No Phone,jovita.bishop@aol.com,170
712,712,Kecia,Olsen,No Phone,kecia.olsen@msn.com,157
713,713,Ilona,Spears,No Phone,ilona.spears@gmail.com,131
714,714,Senaida,Thompson,No Phone,senaida.thompson@msn.com,20
715,715,Larae,Carney,No Phone,larae.carney@msn.com,172
716,716,Sebrina,Hart,No Phone,sebrina.hart@yahoo.com,33
717,717,Kristofer,Craig,No Phone,kristofer.craig@yahoo.com,126
718,718,Luciana,Mcgee,No Phone,luciana.mcgee@msn.com,162
719,719,Nicki,Fry,No Phone,nicki.fry@hotmail.com,47
720,720,Devin,Shaffer,(507) 557-2191,devin.shaffer@gmail.com,140
721,721,Erlinda,Osborne,No Phone,erlinda.osborne@yahoo.com,188
722,722,Camila,Carroll,(210) 436-8676,camila.carroll@yahoo.com,150
723,723,Vicki,Wiggins,No Phone,vicki.wiggins@hotmail.com,184
724,724,Lois,Steele,No Phone,lois.steele@yahoo.com,119
725,725,Carola,Mcpherson,No Phone,carola.mcpherson@hotmail.com,136
726,726,Rochell,Cantrell,No Phone,rochell.cantrell@yahoo.com,131
727,727,Kasha,Sullivan,No Phone,kasha.sullivan@hotmail.com,160
728,728,Viva,Dawson,No Phone,viva.dawson@yahoo.com,118
729,729,Hue,Dalton,No Phone,hue.dalton@hotmail.com,6
730,730,Andria,Rivers,No Phone,andria.rivers@aol.com,2
731,731,Hilary,Savage,(805) 753-6881,hilary.savage@yahoo.com,121
732,732,Lavona,Austin,No Phone,lavona.austin@yahoo.com,179
733,733,Doreatha,Ford,No Phone,doreatha.ford@yahoo.com,76
734,734,Alina,Mcleod,No Phone,alina.mcleod@msn.com,124
735,735,Aide,Franco,No Phone,aide.franco@msn.com,8
736,736,Genny,Hensley,No Phone,genny.hensley@yahoo.com,135
737,737,Melita,Dominguez,No Phone,melita.dominguez@msn.com,9
738,738,Fannie,Jenkins,(805) 774-5696,fannie.jenkins@msn.com,121
739,739,Bobbi,Banks,No Phone,bobbi.banks@yahoo.com,16
740,740,Gwenn,Melton,No Phone,gwenn.melton@yahoo.com,27
741,741,Laci,Castro,No Phone,laci.castro@hotmail.com,148
742,742,Evelina,Manning,No Phone,evelina.manning@aol.com,103
743,743,Tania,Swanson,No Phone,tania.swanson@yahoo.com,91
744,744,Laurel,Schultz,No Phone,laurel.schultz@hotmail.com,103
745,745,Carolyne,Conley,No Phone,carolyne.conley@gmail.com,52
746,746,Eldridge,Greer,No Phone,eldridge.greer@aol.com,28
747,747,Margret,Barnett,No Phone,margret.barnett@gmail.com,55
748,748,Oliva,Blackwell,No Phone,oliva.blackwell@hotmail.com,44
749,749,Oralia,Farley,No Phone,oralia.farley@hotmail.com,178
750,750,Romaine,Salazar,No Phone,romaine.salazar@yahoo.com,102
751,751,Hermila,Mckay,No Phone,hermila.mckay@yahoo.com,30
752,752,Lloyd,Miranda,No Phone,lloyd.miranda@hotmail.com,46
753,753,Mandi,Gibbs,No Phone,mandi.gibbs@gmail.com,40
754,754,Hue,May,No Phone,hue.may@aol.com,180
755,755,Tomika,Wilder,No Phone,tomika.wilder@aol.com,107
756,756,Graig,Roth,No Phone,graig.roth@aol.com,186
757,757,Lamar,Greer,No Phone,lamar.greer@gmail.com,86
758,758,Raymonde,Garcia,No Phone,raymonde.garcia@aol.com,134
759,759,Cira,Downs,(510) 788-4456,cira.downs@gmail.com,114
760,760,Marisa,Chambers,No Phone,marisa.chambers@msn.com,3
761,761,Rod,Hatfield,No Phone,rod.hatfield@hotmail.com,144
762,762,Quyen,Houston,No Phone,quyen.houston@gmail.com,28
763,763,Han,Schneider,No Phone,han.schneider@gmail.com,44
764,764,Terrell,Mathis,No Phone,terrell.mathis@aol.com,162
765,765,Spring,Hayes,No Phone,spring.hayes@hotmail.com,119
766,766,Lecia,Hancock,No Phone,lecia.hancock@hotmail.com,161
767,767,Twana,Arnold,(657) 988-1904,twana.arnold@msn.com,5
768,768,Yvone,Yates,No Phone,yvone.yates@gmail.com,155
769,769,Agatha,Melton,No Phone,agatha.melton@yahoo.com,169
770,770,Lavonda,Stephenson,No Phone,lavonda.stephenson@gmail.com,15
771,771,Agnes,Sims,(716) 780-9901,agnes.sims@aol.com,22
772,772,Latricia,Lindsey,No Phone,latricia.lindsey@hotmail.com,194
773,773,Yolando,Wade,No Phone,yolando.wade@hotmail.com,96
774,774,Nenita,Mooney,No Phone,nenita.mooney@hotmail.com,85
775,775,Kermit,Hyde,No Phone,kermit.hyde@hotmail.com,124
776,776,Angelique,Merrill,No Phone,angelique.merrill@gmail.com,165
777,777,Ilda,Roberson,No Phone,ilda.roberson@aol.com,82
778,778,Corrinne,Garrison,No Phone,corrinne.garrison@yahoo.com,181
779,779,Major,Merrill,No Phone,major.merrill@aol.com,7
780,780,Ouida,Gregory,No Phone,ouida.gregory@aol.com,99
781,781,Tajuana,Riddle,No Phone,tajuana.riddle@hotmail.com,16
782,782,Ricki,Bullock,No Phone,ricki.bullock@hotmail.com,192
783,783,Celestine,Kent,(717) 890-4260,celestine.kent@aol.com,84
784,784,Debbra,Jacobson,No Phone,debbra.jacobson@yahoo.com,13
785,785,Kandis,Mills,No Phone,kandis.mills@hotmail.com,66
786,786,Wallace,Lane,No Phone,wallace.lane@aol.com,167
787,787,Malisa,Mitchell,No Phone,malisa.mitchell@msn.com,103
788,788,Lilliam,Nolan,No Phone,lilliam.nolan@msn.com,32
789,789,Tad,Gardner,No Phone,tad.gardner@hotmail.com,112
790,790,Petronila,Gallegos,No Phone,petronila.gallegos@gmail.com,75
791,791,Yun,Nelson,No Phone,yun.nelson@hotmail.com,13
792,792,Edgar,Horn,No Phone,edgar.horn@aol.com,186
793,793,Chantay,Maynard,No Phone,chantay.maynard@gmail.com,44
794,794,Donette,Mccarthy,No Phone,donette.mccarthy@yahoo.com,135
795,795,Mariam,Miranda,No Phone,mariam.miranda@aol.com,57
796,796,Rosalie,Coffey,No Phone,rosalie.coffey@gmail.com,178
797,797,Cathey,Lamb,No Phone,cathey.lamb@msn.com,16
798,798,Alyse,Jacobson,No Phone,alyse.jacobson@yahoo.com,97
799,799,India,Barron,No Phone,india.barron@msn.com,76
800,800,Cris,Dunn,No Phone,cris.dunn@yahoo.com,125
801,801,Ophelia,Rodgers,No Phone,ophelia.rodgers@gmail.com,73
802,802,Barrett,Sanders,No Phone,barrett.sanders@aol.com,91
803,803,Bernardina,Cooper,No Phone,bernardina.cooper@msn.com,190
804,804,Douglas,Richards,No Phone,douglas.richards@hotmail.com,180
805,805,Phillis,Fowler,No Phone,phillis.fowler@aol.com,29
806,806,Reyes,Merritt,No Phone,reyes.merritt@yahoo.com,170
807,807,Nathalie,Knowles,No Phone,nathalie.knowles@aol.com,188
808,808,Vallie,Dixon,No Phone,vallie.dixon@yahoo.com,146
809,809,Elnora,Simpson,No Phone,elnora.simpson@yahoo.com,17
810,810,Ivelisse,Nixon,(281) 941-4933,ivelisse.nixon@aol.com,74
811,811,Shanti,Johnston,No Phone,shanti.johnston@gmail.com,170
812,812,Martha,Burgess,No Phone,martha.burgess@msn.com,191
813,813,Neville,Mcclain,No Phone,neville.mcclain@yahoo.com,187
814,814,Ghislaine,Compton,No Phone,ghislaine.compton@aol.com,87
815,815,Leanna,Manning,No Phone,leanna.manning@yahoo.com,70
816,816,Marshall,Johnson,No Phone,marshall.johnson@yahoo.com,182
817,817,Zelda,Pratt,(717) 428-4018,zelda.pratt@gmail.com,84
818,818,Joel,Wynn,(619) 210-6032,joel.wynn@aol.com,152
819,819,Yahaira,Robertson,No Phone,yahaira.robertson@yahoo.com,47
820,820,Sandy,Mills,No Phone,sandy.mills@gmail.com,161
821,821,Cassidy,Clark,No Phone,cassidy.clark@hotmail.com,7
822,822,Kristy,Watkins,No Phone,kristy.watkins@gmail.com,75
823,823,Tina,Bush,No Phone,tina.bush@aol.com,95
824,824,Veronika,Rollins,No Phone,veronika.rollins@yahoo.com,185
825,825,Kristel,Byrd,No Phone,kristel.byrd@hotmail.com,70
826,826,Shay,Stephenson,No Phone,shay.stephenson@aol.com,164
827,827,George,Pickett,No Phone,george.pickett@msn.com,172
828,828,Renato,Morton,No Phone,renato.morton@msn.com,103
829,829,Marcy,Rodriguez,No Phone,marcy.rodriguez@gmail.com,89
830,830,Edmund,Gaines,No Phone,edmund.gaines@gmail.com,32
831,831,Lory,Berg,No Phone,lory.berg@aol.com,120
832,832,Pamala,Fowler,No Phone,pamala.fowler@gmail.com,13
833,833,Leone,Emerson,No Phone,leone.emerson@msn.com,190
834,834,Brain,Skinner,No Phone,brain.skinner@hotmail.com,48
835,835,Roseanne,Maynard,No Phone,roseanne.maynard@yahoo.com,48
836,836,Corinna,Adams,No Phone,corinna.adams@msn.com,145
837,837,Kellye,Campbell,No Phone,kellye.campbell@gmail.com,12
838,838,Erna,Sloan,No Phone,erna.sloan@aol.com,75
839,839,Carolann,Russell,No Phone,carolann.russell@hotmail.com,64
840,840,Gilbert,Calhoun,No Phone,gilbert.calhoun@msn.com,40
841,841,Manie,Maxwell,No Phone,manie.maxwell@gmail.com,144
842,842,Giselle,Robles,No Phone,giselle.robles@hotmail.com,149
843,843,Tessie,Farmer,No Phone,tessie.farmer@msn.com,127
844,844,Felica,Munoz,No Phone,felica.munoz@aol.com,166
845,845,Kathyrn,Bush,No Phone,kathyrn.bush@gmail.com,20
846,846,Sylvester,Chan,No Phone,sylvester.chan@hotmail.com,141
847,847,Lizette,Ellison,No Phone,lizette.ellison@hotmail.com,132
848,848,Ernestina,Skinner,No Phone,ernestina.skinner@hotmail.com,44
849,849,Phyllis,Hill,No Phone,phyllis.hill@yahoo.com,173
850,850,Stephanie,Browning,No Phone,stephanie.browning@yahoo.com,146
851,851,Arlena,Buckner,No Phone,arlena.buckner@hotmail.com,107
852,852,Lezlie,Thompson,No Phone,lezlie.thompson@yahoo.com,58
853,853,Brittney,Rojas,No Phone,brittney.rojas@aol.com,82
854,854,Phylis,Adkins,(212) 325-9145,phylis.adkins@msn.com,110
855,855,Lean,Stark,No Phone,lean.stark@msn.com,178
856,856,Lara,Guy,No Phone,lara.guy@aol.com,144
857,857,Inga,Koch,No Phone,inga.koch@msn.com,109
858,858,Klara,Kim,No Phone,klara.kim@gmail.com,143
859,859,Julianne,Shannon,No Phone,julianne.shannon@hotmail.com,171
860,860,Loni,Mullen,No Phone,loni.mullen@msn.com,166
861,861,Olympia,Figueroa,No Phone,olympia.figueroa@hotmail.com,73
862,862,Mellie,Puckett,No Phone,mellie.puckett@yahoo.com,59
863,863,Shonta,Preston,No Phone,shonta.preston@msn.com,179
864,864,Lore,Sykes,(716) 382-5169,lore.sykes@aol.com,22
865,865,Julia,Joyner,No Phone,julia.joyner@msn.com,7
866,866,Lynwood,Jackson,No Phone,lynwood.jackson@aol.com,91
867,867,Rosalva,Hamilton,No Phone,rosalva.hamilton@aol.com,23
868,868,Domingo,Casey,(408) 761-9212,domingo.casey@msn.com,153
869,869,Rodrigo,Durham,No Phone,rodrigo.durham@aol.com,138
870,870,Dwain,Carlson,No Phone,dwain.carlson@gmail.com,164
871,871,Erlinda,Humphrey,No Phone,erlinda.humphrey@hotmail.com,109
872,872,Silas,Tate,(361) 219-2149,silas.tate@yahoo.com,35
873,873,Patience,Clayton,No Phone,patience.clayton@hotmail.com,112
874,874,Mila,Good,No Phone,mila.good@yahoo.com,127
875,875,Tanesha,Sawyer,No Phone,tanesha.sawyer@aol.com,145
876,876,Onita,Macdonald,No Phone,onita.macdonald@yahoo.com,64
877,877,Janine,Manning,No Phone,janine.manning@gmail.com,75
878,878,Melodie,Melton,No Phone,melodie.melton@yahoo.com,164
879,879,Ethelyn,Ray,No Phone,ethelyn.ray@yahoo.com,62
880,880,Phebe,Turner,No Phone,phebe.turner@aol.com,172
881,881,Chloe,Patel,No Phone,chloe.patel@yahoo.com,158
882,882,Hilda,Harvey,No Phone,hilda.harvey@gmail.com,13
883,883,Gilberte,Duke,(915) 903-7860,gilberte.duke@gmail.com,43
884,884,Willian,Hardin,No Phone,willian.hardin@msn.com,120
885,885,Janna,Hayden,No Phone,janna.hayden@msn.com,91
886,886,Letisha,May,No Phone,letisha.may@yahoo.com,113
887,887,Graig,Cannon,No Phone,graig.cannon@gmail.com,173
888,888,Coleen,Navarro,No Phone,coleen.navarro@aol.com,185
889,889,Lucilla,Williams,No Phone,lucilla.williams@hotmail.com,151
890,890,Rosanne,George,No Phone,rosanne.george@yahoo.com,119
891,891,Ashlie,Parrish,No Phone,ashlie.parrish@hotmail.com,102
892,892,Alissa,Craft,No Phone,alissa.craft@hotmail.com,119
893,893,Letty,Cobb,No Phone,letty.cobb@msn.com,37
894,894,Nathaniel,Richard,No Phone,nathaniel.richard@gmail.com,109
895,895,Elaina,Key,No Phone,elaina.key@msn.com,126
896,896,Stefani,Gamble,(845) 724-2996,stefani.gamble@aol.com,106
897,897,Bettyann,Acosta,(717) 746-6658,bettyann.acosta@gmail.com,84
898,898,Crysta,Velez,(281) 529-3469,crysta.velez@yahoo.com,74
899,899,Carisa,Carpenter,No Phone,carisa.carpenter@hotmail.com,181
900,900,Jule,Davenport,No Phone,jule.davenport@aol.com,151
901,901,Lonna,Franks,No Phone,lonna.franks@yahoo.com,117
902,902,Elease,Dejesus,No Phone,elease.dejesus@gmail.com,120
903,903,Maira,Long,No Phone,maira.long@msn.com,70
904,904,Jana,Thomas,(408) 624-8137,jana.thomas@yahoo.com,153
905,905,Hae,Ramirez,No Phone,hae.ramirez@hotmail.com,12
906,906,Erik,Leblanc,No Phone,erik.leblanc@aol.com,171
907,907,Daina,Sampson,No Phone,daina.sampson@msn.com,91
908,908,Delmar,Wise,No Phone,delmar.wise@yahoo.com,89
909,909,Alita,Salinas,No Phone,alita.salinas@hotmail.com,177
910,910,Elenore,William,No Phone,elenore.william@msn.com,98
911,911,Nikita,Roy,No Phone,nikita.roy@aol.com,125
912,912,Inocencia,Key,No Phone,inocencia.key@hotmail.com,97
913,913,Liliana,Kerr,No Phone,liliana.kerr@yahoo.com,38
914,914,Hortencia,O'neil,No Phone,hortencia.o'neil@hotmail.com,142
915,915,Beryl,Bennett,(916) 422-6956,beryl.bennett@aol.com,147
916,916,Alishia,Elliott,No Phone,alishia.elliott@aol.com,103
917,917,Vernia,Madden,(248) 206-3697,vernia.madden@aol.com,176
918,918,Kristel,Bullock,No Phone,kristel.bullock@yahoo.com,164
919,919,Ruthanne,Hoover,No Phone,ruthanne.hoover@aol.com,175
920,920,James,Robles,No Phone,james.robles@aol.com,113
921,921,Evelin,Vargas,No Phone,evelin.vargas@msn.com,185
922,922,Elvia,Cardenas,No Phone,elvia.cardenas@hotmail.com,96
923,923,Randee,Pitts,No Phone,randee.pitts@msn.com,25
924,924,Lea,Irwin,No Phone,lea.irwin@gmail.com,109
925,925,Bryce,Monroe,No Phone,bryce.monroe@aol.com,82
926,926,Katina,Mcintosh,(661) 464-1523,katina.mcintosh@yahoo.com,10
927,927,Guillermo,Hart,(212) 652-7198,guillermo.hart@hotmail.com,110
928,928,Joann,Barber,No Phone,joann.barber@gmail.com,158
929,929,Thurman,Ellis,No Phone,thurman.ellis@gmail.com,128
930,930,Delana,Wagner,No Phone,delana.wagner@aol.com,29
931,931,Porter,Bass,No Phone,porter.bass@hotmail.com,149
932,932,Yvonne,Bean,No Phone,yvonne.bean@yahoo.com,184
933,933,Lurline,Rivers,No Phone,lurline.rivers@msn.com,75
934,934,Ocie,Slater,No Phone,ocie.slater@msn.com,66
935,935,Genevie,Miles,No Phone,genevie.miles@aol.com,101
936,936,Sherilyn,Wilcox,No Phone,sherilyn.wilcox@gmail.com,119
937,937,Aida,Koch,No Phone,aida.koch@gmail.com,187
938,938,Emory,O'connor,(507) 606-2192,emory.o'connor@gmail.com,140
939,939,Maximina,Hutchinson,(361) 164-3098,maximina.hutchinson@hotmail.com,35
940,940,Marina,Hinton,No Phone,marina.hinton@yahoo.com,46
941,941,Danyell,Dickerson,No Phone,danyell.dickerson@msn.com,28
942,942,Davis,Long,(717) 653-1755,davis.long@msn.com,84
943,943,Lynn,Mcmahon,No Phone,lynn.mcmahon@msn.com,160
944,944,Tonja,Henderson,No Phone,tonja.henderson@aol.com,160
945,945,Krissy,Ochoa,No Phone,krissy.ochoa@msn.com,132
946,946,Angella,Bridges,No Phone,angella.bridges@yahoo.com,125
947,947,Angele,Castro,No Phone,angele.castro@yahoo.com,123
948,948,Siobhan,Lang,No Phone,siobhan.lang@gmail.com,86
949,949,Venessa,Frost,No Phone,venessa.frost@msn.com,160
950,950,Verna,Solis,(507) 115-1633,verna.solis@yahoo.com,140
951,951,Steve,Bender,No Phone,steve.bender@gmail.com,160
952,952,Aileen,Marquez,No Phone,aileen.marquez@msn.com,175
953,953,Kattie,Stevenson,No Phone,kattie.stevenson@aol.com,68
954,954,Hassan,Nash,No Phone,hassan.nash@yahoo.com,70
955,955,Delfina,Gilliam,No Phone,delfina.gilliam@hotmail.com,186
956,956,Venus,Hewitt,No Phone,venus.hewitt@msn.com,51
957,957,Stephen,Vega,(657) 288-3778,stephen.vega@msn.com,5
958,958,Ciera,Koch,No Phone,ciera.koch@gmail.com,48
959,959,Christel,Barber,(916) 679-3547,christel.barber@hotmail.com,147
960,960,Arline,Lawson,(516) 792-3395,arline.lawson@gmail.com,69
961,961,Iva,Wilcox,No Phone,iva.wilcox@aol.com,82
962,962,Maple,Griffin,No Phone,maple.griffin@gmail.com,32
963,963,Anisha,Lang,No Phone,anisha.lang@aol.com,143
964,964,Brent,Calderon,(361) 981-8725,brent.calderon@aol.com,35
965,965,Margit,Osborn,No Phone,margit.osborn@yahoo.com,126
966,966,Novella,Patel,No Phone,novella.patel@gmail.com,64
967,967,Laurette,Hebert,No Phone,laurette.hebert@msn.com,24
968,968,Jonna,Brown,No Phone,jonna.brown@aol.com,94
969,969,Jennell,Solis,(507) 421-7354,jennell.solis@hotmail.com,140
970,970,Ruth,Horton,No Phone,ruth.horton@gmail.com,72
971,971,Samual,Warner,(631) 151-4988,samual.warner@gmail.com,19
972,972,Damian,Mills,(562) 924-3079,damian.mills@yahoo.com,90
973,973,Margaretta,Clayton,No Phone,margaretta.clayton@yahoo.com,139
974,974,Marcell,Barrett,No Phone,marcell.barrett@gmail.com,7
975,975,Annis,Sanchez,(424) 352-6275,annis.sanchez@aol.com,92
976,976,Ayanna,Cherry,No Phone,ayanna.cherry@yahoo.com,164
977,977,Barton,Cox,No Phone,barton.cox@yahoo.com,3
978,978,Diana,Reyes,No Phone,diana.reyes@msn.com,20
979,979,Ingeborg,Ellison,No Phone,ingeborg.ellison@yahoo.com,78
980,980,Carter,Booth,No Phone,carter.booth@msn.com,130
981,981,Christel,Cardenas,(562) 342-8083,christel.cardenas@aol.com,90
982,982,Orval,Hunter,No Phone,orval.hunter@aol.com,149
983,983,Marguerite,Berger,No Phone,marguerite.berger@aol.com,61
984,984,Ivette,Warren,No Phone,ivette.warren@gmail.com,57
985,985,Milagros,Weber,No Phone,milagros.weber@hotmail.com,67
986,986,Marcel,Lindsay,No Phone,marcel.lindsay@hotmail.com,119
987,987,Louis,Powell,No Phone,louis.powell@aol.com,170
988,988,Vanda,Holmes,No Phone,vanda.holmes@aol.com,173
989,989,Loreen,Byers,No Phone,loreen.byers@yahoo.com,166
990,990,Casimira,Chapman,No Phone,casimira.chapman@yahoo.com,101
991,991,Brigida,Larson,No Phone,brigida.larson@hotmail.com,25
992,992,Chere,Alston,No Phone,chere.alston@gmail.com,124
993,993,Giovanna,Jefferson,No Phone,giovanna.jefferson@gmail.com,139
994,994,Demarcus,Reese,No Phone,demarcus.reese@gmail.com,194
995,995,Amina,Salazar,No Phone,amina.salazar@aol.com,24
996,996,Serafina,Clemons,No Phone,serafina.clemons@gmail.com,163
997,997,Trinidad,Mcclain,No Phone,trinidad.mcclain@msn.com,11
998,998,Heather,Chaney,No Phone,heather.chaney@yahoo.com,81
999,999,Latoya,Johns,No Phone,latoya.johns@hotmail.com,13
1000,1000,Shiloh,Reeves,No Phone,shiloh.reeves@msn.com,186
1001,1001,Lee,Roman,(631) 913-6967,lee.roman@gmail.com,19
1002,1002,Cami,Williamson,No Phone,cami.williamson@hotmail.com,96
1003,1003,Sharell,Ross,No Phone,sharell.ross@msn.com,182
1004,1004,Jerald,Blackwell,No Phone,jerald.blackwell@hotmail.com,40
1005,1005,Ruthanne,Franco,No Phone,ruthanne.franco@yahoo.com,7
1006,1006,Marjory,Leonard,No Phone,marjory.leonard@msn.com,6
1007,1007,Jimmy,Russell,No Phone,jimmy.russell@hotmail.com,75
1008,1008,Berneice,Pollard,No Phone,berneice.pollard@hotmail.com,55
1009,1009,Deangelo,Cooley,No Phone,deangelo.cooley@aol.com,145
1010,1010,Katia,Henry,No Phone,katia.henry@msn.com,18
1011,1011,Sebrina,Gross,No Phone,sebrina.gross@yahoo.com,63
1012,1012,Josephine,Dale,No Phone,josephine.dale@aol.com,12
1013,1013,Alma,Peck,No Phone,alma.peck@aol.com,34
1014,1014,Ling,Newman,No Phone,ling.newman@msn.com,167
1015,1015,Nichelle,Rosario,No Phone,nichelle.rosario@hotmail.com,62
1016,1016,Shenna,Benton,(212) 578-2912,shenna.benton@msn.com,110
1017,1017,Philip,Bryan,(510) 533-4262,philip.bryan@hotmail.com,114
1018,1018,Carita,Salinas,No Phone,carita.salinas@yahoo.com,95
1019,1019,Janie,Herrera,No Phone,janie.herrera@gmail.com,44
1020,1020,Lorraine,Marks,No Phone,lorraine.marks@msn.com,151
1021,1021,Nicolas,Carlson,No Phone,nicolas.carlson@yahoo.com,148
1022,1022,Hye,Mercer,No Phone,hye.mercer@gmail.com,94
1023,1023,Adena,Blake,No Phone,adena.blake@hotmail.com,13
1024,1024,Coleman,Boyd,(915) 607-6336,coleman.boyd@yahoo.com,43
1025,1025,Daphine,Willis,No Phone,daphine.willis@msn.com,51
1026,1026,Jenine,Dawson,No Phone,jenine.dawson@msn.com,47
1027,1027,Shanita,Wiley,No Phone,shanita.wiley@yahoo.com,148
1028,1028,Shanna,Bonner,No Phone,shanna.bonner@msn.com,24
1029,1029,Ping,Quinn,No Phone,ping.quinn@gmail.com,146
1030,1030,Saran,Moses,No Phone,saran.moses@yahoo.com,21
1031,1031,Tonja,Bean,No Phone,tonja.bean@aol.com,49
1032,1032,Vernon,Knowles,No Phone,vernon.knowles@yahoo.com,77
1033,1033,Jeannette,Skinner,No Phone,jeannette.skinner@yahoo.com,54
1034,1034,Rico,Salas,No Phone,rico.salas@msn.com,27
1035,1035,Tangela,Hurley,No Phone,tangela.hurley@msn.com,23
1036,1036,Randee,Lester,No Phone,randee.lester@gmail.com,27
1037,1037,Ashanti,Hammond,No Phone,ashanti.hammond@msn.com,105
1038,1038,Garry,Juarez,No Phone,garry.juarez@hotmail.com,54
1039,1039,Bee,Baker,No Phone,bee.baker@aol.com,88
1040,1040,Shantae,Hammond,No Phone,shantae.hammond@hotmail.com,181
1041,1041,Bettye,Espinoza,No Phone,bettye.espinoza@yahoo.com,120
1042,1042,Larissa,Hays,No Phone,larissa.hays@aol.com,45
1043,1043,Diane,Jones,No Phone,diane.jones@gmail.com,59
1044,1044,Zenia,Bruce,No Phone,zenia.bruce@aol.com,145
1045,1045,Pasquale,Hogan,No Phone,pasquale.hogan@aol.com,182
1046,1046,Dane,Mcdaniel,No Phone,dane.mcdaniel@hotmail.com,24
1047,1047,Jamaal,Baker,No Phone,jamaal.baker@hotmail.com,44
1048,1048,Ji,Burt,No Phone,ji.burt@hotmail.com,6
1049,1049,Marcelino,Mcbride,No Phone,marcelino.mcbride@hotmail.com,29
1050,1050,Rozella,Fitzgerald,No Phone,rozella.fitzgerald@yahoo.com,163
1051,1051,Tonisha,Fowler,No Phone,tonisha.fowler@msn.com,77
1052,1052,Zora,Ford,(916) 192-3196,zora.ford@gmail.com,147
1053,1053,Parthenia,Figueroa,No Phone,parthenia.figueroa@msn.com,94
1054,1054,Arielle,Levine,No Phone,arielle.levine@yahoo.com,63
1055,1055,Hildegarde,Christensen,No Phone,hildegarde.christensen@hotmail.com,95
1056,1056,Rebbecca,Espinoza,No Phone,rebbecca.espinoza@hotmail.com,103
1057,1057,Conchita,Boone,No Phone,conchita.boone@gmail.com,103
1058,1058,Aisha,Woods,No Phone,aisha.woods@gmail.com,185
1059,1059,Season,Harvey,No Phone,season.harvey@yahoo.com,42
1060,1060,Tommie,Cooley,(717) 634-4113,tommie.cooley@yahoo.com,84
1061,1061,Alanna,Barry,No Phone,alanna.barry@yahoo.com,48
1062,1062,Jerri,Guthrie,No Phone,jerri.guthrie@msn.com,26
1063,1063,Tammy,Austin,No Phone,tammy.austin@yahoo.com,83
1064,1064,Patsy,Russo,No Phone,patsy.russo@gmail.com,146
1065,1065,Desiree,Branch,No Phone,desiree.branch@msn.com,154
1066,1066,Raeann,Duncan,(657) 256-2008,raeann.duncan@aol.com,5
1067,1067,Lillia,Gillespie,No Phone,lillia.gillespie@hotmail.com,136
1068,1068,Doris,Kaufman,No Phone,doris.kaufman@gmail.com,39
1069,1069,Rodolfo,Buck,No Phone,rodolfo.buck@gmail.com,163
1070,1070,Olimpia,Mays,No Phone,olimpia.mays@aol.com,115
1071,1071,Shemeka,Lyons,No Phone,shemeka.lyons@msn.com,129
1072,1072,Maryalice,Henry,No Phone,maryalice.henry@msn.com,137
1073,1073,Leeanne,Cross,No Phone,leeanne.cross@yahoo.com,16
1074,1074,Lanelle,Guerra,No Phone,lanelle.guerra@yahoo.com,52
1075,1075,Dann,Huff,No Phone,dann.huff@gmail.com,77
1076,1076,Sherise,Mercer,No Phone,sherise.mercer@gmail.com,182
1077,1077,Heather,Perry,No Phone,heather.perry@gmail.com,172
1078,1078,Theresia,Barron,No Phone,theresia.barron@aol.com,54
1079,1079,Cindi,Ellis,No Phone,cindi.ellis@yahoo.com,52
1080,1080,Mirella,Duffy,No Phone,mirella.duffy@yahoo.com,91
1081,1081,Carson,Macias,No Phone,carson.macias@gmail.com,108
1082,1082,Divina,Madden,(562) 264-3998,divina.madden@gmail.com,90
1083,1083,Cher,Alston,No Phone,cher.alston@msn.com,183
1084,1084,Regine,Odom,No Phone,regine.odom@msn.com,57
1085,1085,Adam,Thornton,No Phone,adam.thornton@hotmail.com,28
1086,1086,Cori,Schwartz,No Phone,cori.schwartz@msn.com,80
1087,1087,Willow,Gardner,No Phone,willow.gardner@gmail.com,128
1088,1088,Jane,Henderson,No Phone,jane.henderson@hotmail.com,6
1089,1089,Chere,Mcfadden,No Phone,chere.mcfadden@yahoo.com,118
1090,1090,Ira,Erickson,No Phone,ira.erickson@aol.com,131
1091,1091,Risa,Gallagher,No Phone,risa.gallagher@yahoo.com,141
1092,1092,Lavinia,Cotton,No Phone,lavinia.cotton@yahoo.com,42
1093,1093,Alejandrina,Hodges,No Phone,alejandrina.hodges@msn.com,36
1094,1094,Keitha,Black,No Phone,keitha.black@yahoo.com,87
1095,1095,Corene,Swanson,No Phone,corene.swanson@aol.com,136
1096,1096,Tonda,Webb,No Phone,tonda.webb@yahoo.com,12
1097,1097,Collen,Dennis,No Phone,collen.dennis@gmail.com,155
1098,1098,Treasa,Dickerson,No Phone,treasa.dickerson@hotmail.com,142
1099,1099,Jewell,Reyes,No Phone,jewell.reyes@hotmail.com,79
1100,1100,Penny,Acevedo,No Phone,penny.acevedo@yahoo.com,13
1101,1101,Louise,Flowers,No Phone,louise.flowers@yahoo.com,37
1102,1102,Henrietta,Wagner,(682) 143-2224,henrietta.wagner@hotmail.com,56
1103,1103,Ardelia,Cooley,No Phone,ardelia.cooley@aol.com,25
1104,1104,Khalilah,Robertson,No Phone,khalilah.robertson@aol.com,168
1105,1105,Armando,Black,No Phone,armando.black@gmail.com,137
1106,1106,Jerri,Henry,No Phone,jerri.henry@msn.com,168
1107,1107,Lynda,Newman,No Phone,lynda.newman@msn.com,159
1108,1108,Bao,Wade,No Phone,bao.wade@gmail.com,38
1109,1109,Gussie,Harding,No Phone,gussie.harding@gmail.com,36
1110,1110,Shirely,Cantrell,No Phone,shirely.cantrell@aol.com,187
1111,1111,Caroline,Jenkins,No Phone,caroline.jenkins@msn.com,137
1112,1112,Hollis,Rasmussen,No Phone,hollis.rasmussen@yahoo.com,96
1113,1113,Kendra,Harrington,No Phone,kendra.harrington@yahoo.com,81
1114,1114,Douglass,Blankenship,(229) 891-2087,douglass.blankenship@hotmail.com,1
1115,1115,Lina,Meadows,No Phone,lina.meadows@aol.com,64
1116,1116,Patria,Harper,No Phone,patria.harper@msn.com,7
1117,1117,Jeffrey,Hill,No Phone,jeffrey.hill@gmail.com,145
1118,1118,Ja,Dillard,No Phone,ja.dillard@yahoo.com,25
1119,1119,Tora,Dunlap,No Phone,tora.dunlap@hotmail.com,102
1120,1120,Karole,Alvarez,No Phone,karole.alvarez@gmail.com,42
1121,1121,Shasta,Combs,No Phone,shasta.combs@yahoo.com,194
1122,1122,Cicely,Deleon,No Phone,cicely.deleon@yahoo.com,97
1123,1123,Raphael,O'neil,No Phone,raphael.o'neil@aol.com,49
1124,1124,Hubert,Reilly,No Phone,hubert.reilly@hotmail.com,3
1125,1125,Caleb,England,No Phone,caleb.england@gmail.com,128
1126,1126,Elmira,Levy,No Phone,elmira.levy@gmail.com,168
1127,1127,Waldo,Hart,No Phone,waldo.hart@yahoo.com,134
1128,1128,Bea,Kane,No Phone,bea.kane@aol.com,94
1129,1129,Gilberto,Sanders,No Phone,gilberto.sanders@hotmail.com,192
1130,1130,Benny,Bender,No Phone,benny.bender@aol.com,45
1131,1131,Desmond,Rose,No Phone,desmond.rose@hotmail.com,103
1132,1132,Parthenia,Holman,No Phone,parthenia.holman@gmail.com,78
1133,1133,Dung,King,No Phone,dung.king@aol.com,188
1134,1134,Sherril,Alvarado,No Phone,sherril.alvarado@hotmail.com,38
1135,1135,Alisia,Albert,No Phone,alisia.albert@gmail.com,63
1136,1136,Kallie,Best,(507) 997-4112,kallie.best@aol.com,140
1137,1137,Dottie,Roberts,No Phone,dottie.roberts@aol.com,132
1138,1138,Hubert,Stone,No Phone,hubert.stone@hotmail.com,139
1139,1139,Gabriella,Jones,No Phone,gabriella.jones@hotmail.com,103
1140,1140,Penney,Hall,No Phone,penney.hall@msn.com,88
1141,1141,Mallie,Osborn,No Phone,mallie.osborn@gmail.com,111
1142,1142,Britteny,Schroeder,No Phone,britteny.schroeder@aol.com,125
1143,1143,Sommer,Hopkins,No Phone,sommer.hopkins@gmail.com,174
1144,1144,Jewel,Sparks,No Phone,jewel.sparks@aol.com,115
1145,1145,Deandrea,Vega,(914) 818-7312,deandrea.vega@gmail.com,193
1146,1146,Charlsie,Carson,No Phone,charlsie.carson@hotmail.com,148
1147,1147,Kandace,Ayers,No Phone,kandace.ayers@gmail.com,158
1148,1148,Lenore,Valdez,No Phone,lenore.valdez@msn.com,168
1149,1149,Drucilla,Gilliam,No Phone,drucilla.gilliam@hotmail.com,156
1150,1150,Keturah,Reid,(361) 394-2024,keturah.reid@yahoo.com,35
1151,1151,Herminia,Reyes,No Phone,herminia.reyes@gmail.com,27
1152,1152,Tuyet,Rosa,No Phone,tuyet.rosa@aol.com,165
1153,1153,Ara,Vazquez,No Phone,ara.vazquez@msn.com,151
1154,1154,Barry,Albert,No Phone,barry.albert@gmail.com,9
1155,1155,Verdell,Joyner,No Phone,verdell.joyner@aol.com,50
1156,1156,Han,Wade,No Phone,han.wade@hotmail.com,75
1157,1157,Anton,Barton,(716) 472-3707,anton.barton@msn.com,22
1158,1158,Vito,Pickett,No Phone,vito.pickett@hotmail.com,24
1159,1159,Charlene,Norris,No Phone,charlene.norris@msn.com,173
1160,1160,Efren,Whitfield,No Phone,efren.whitfield@gmail.com,48
1161,1161,Santa,Larson,No Phone,santa.larson@gmail.com,180
1162,1162,Carmelina,Sellers,No Phone,carmelina.sellers@hotmail.com,78
1163,1163,Carmela,Hays,No Phone,carmela.hays@aol.com,85
1164,1164,Patrina,Tanner,No Phone,patrina.tanner@gmail.com,160
1165,1165,Rikki,Morrow,(682) 936-1482,rikki.morrow@hotmail.com,56
1166,1166,Junita,Reese,No Phone,junita.reese@gmail.com,15
1167,1167,Ryan,Carter,No Phone,ryan.carter@yahoo.com,105
1168,1168,Almeta,Benjamin,No Phone,almeta.benjamin@aol.com,172
1169,1169,Beatris,Joyner,No Phone,beatris.joyner@gmail.com,168
1170,1170,Mechelle,Chan,No Phone,mechelle.chan@gmail.com,138
1171,1171,Earlean,Pena,No Phone,earlean.pena@yahoo.com,143
1172,1172,Katherin,Clark,No Phone,katherin.clark@yahoo.com,125
1173,1173,Chanel,May,No Phone,chanel.may@msn.com,62
1174,1174,Aaron,Knapp,(914) 402-4335,aaron.knapp@yahoo.com,193
1175,1175,Sindy,Anderson,No Phone,sindy.anderson@gmail.com,129
1176,1176,Sheree,Blanchard,No Phone,sheree.blanchard@gmail.com,134
1177,1177,Charlesetta,Soto,No Phone,charlesetta.soto@yahoo.com,133
1178,1178,Wendie,Nash,(805) 389-2549,wendie.nash@hotmail.com,121
1179,1179,Vernetta,Banks,No Phone,vernetta.banks@aol.com,21
1180,1180,Myrtle,Gardner,No Phone,myrtle.gardner@aol.com,51
1181,1181,Agustina,Lawrence,No Phone,agustina.lawrence@yahoo.com,21
1182,1182,Trinidad,Chapman,No Phone,trinidad.chapman@aol.com,144
1183,1183,Kim,Clark,No Phone,kim.clark@msn.com,99
1184,1184,Annabelle,Hebert,No Phone,annabelle.hebert@aol.com,168
1185,1185,Corine,Stuart,No Phone,corine.stuart@msn.com,29
1186,1186,Kiesha,Bond,No Phone,kiesha.bond@aol.com,151
1187,1187,Kenyetta,Mason,No Phone,kenyetta.mason@msn.com,53
1188,1188,Marcene,Curtis,(914) 361-6045,marcene.curtis@msn.com,193
1189,1189,Sheila,Goodman,No Phone,sheila.goodman@msn.com,177
1190,1190,Romeo,Steele,No Phone,romeo.steele@msn.com,131
1191,1191,Tam,Fisher,(507) 351-9375,tam.fisher@aol.com,140
1192,1192,Gena,Owens,No Phone,gena.owens@gmail.com,38
1193,1193,Phebe,Soto,No Phone,phebe.soto@hotmail.com,166
1194,1194,Leticia,Snyder,No Phone,leticia.snyder@yahoo.com,125
1195,1195,Chantell,Bridges,(716) 941-6072,chantell.bridges@yahoo.com,22
1196,1196,Ileana,Holt,No Phone,ileana.holt@msn.com,124
1197,1197,Nakisha,Clay,No Phone,nakisha.clay@gmail.com,132
1198,1198,Cheryll,Snyder,No Phone,cheryll.snyder@yahoo.com,21
1199,1199,Consuela,Collier,No Phone,consuela.collier@msn.com,113
1200,1200,Aubrey,Durham,No Phone,aubrey.durham@aol.com,132
1201,1201,Nita,Guy,No Phone,nita.guy@hotmail.com,130
1202,1202,Carmina,Emerson,No Phone,carmina.emerson@hotmail.com,14
1203,1203,Georgeann,Rojas,No Phone,georgeann.rojas@msn.com,38
1204,1204,Leslie,Higgins,No Phone,leslie.higgins@hotmail.com,159
1205,1205,Emmaline,Huber,No Phone,emmaline.huber@gmail.com,103
1206,1206,Mercy,Brown,No Phone,mercy.brown@msn.com,72
1207,1207,Jenell,Crosby,(631) 544-4772,jenell.crosby@hotmail.com,19
1208,1208,Leila,Barr,No Phone,leila.barr@yahoo.com,26
1209,1209,Deandrea,Cox,No Phone,deandrea.cox@msn.com,76
1210,1210,Shawnna,Frank,No Phone,shawnna.frank@hotmail.com,192
1211,1211,Brenton,Whitaker,No Phone,brenton.whitaker@gmail.com,112
1212,1212,Jaqueline,Cummings,No Phone,jaqueline.cummings@hotmail.com,77
1213,1213,Yang,Giles,No Phone,yang.giles@gmail.com,149
1214,1214,Brigid,Sharp,No Phone,brigid.sharp@hotmail.com,156
1215,1215,Karl,Stephens,No Phone,karl.stephens@gmail.com,142
1216,1216,Elvina,Gates,No Phone,elvina.gates@hotmail.com,128
1217,1217,Carlie,Terrell,(914) 517-8036,carlie.terrell@yahoo.com,193
1218,1218,Donovan,Cantrell,(510) 624-3824,donovan.cantrell@msn.com,114
1219,1219,Alden,Atkinson,No Phone,alden.atkinson@gmail.com,163
1220,1220,Carissa,Cross,No Phone,carissa.cross@yahoo.com,77
1221,1221,Joy,Underwood,No Phone,joy.underwood@gmail.com,6
1222,1222,Geraldine,O'donnell,No Phone,geraldine.o'donnell@hotmail.com,53
1223,1223,Bronwyn,Vargas,No Phone,bronwyn.vargas@msn.com,109
1224,1224,Abram,Copeland,No Phone,abram.copeland@gmail.com,67
1225,1225,Mellisa,Griffin,No Phone,mellisa.griffin@msn.com,93
1226,1226,Qiana,Jackson,No Phone,qiana.jackson@gmail.com,42
1227,1227,Magali,Dixon,(248) 279-5331,magali.dixon@msn.com,176
1228,1228,Zulema,Clemons,(510) 565-8496,zulema.clemons@aol.com,114
1229,1229,Carina,Lynch,No Phone,carina.lynch@gmail.com,184
1230,1230,Jesus,Burch,No Phone,jesus.burch@hotmail.com,38
1231,1231,Selene,Vega,No Phone,selene.vega@gmail.com,23
1232,1232,Jong,Guthrie,No Phone,jong.guthrie@hotmail.com,18
1233,1233,Lise,Hebert,No Phone,lise.hebert@gmail.com,182
1234,1234,Joshua,Berg,No Phone,joshua.berg@hotmail.com,119
1235,1235,Georgina,Gonzales,No Phone,georgina.gonzales@yahoo.com,47
1236,1236,Rudolph,Velez,No Phone,rudolph.velez@yahoo.com,103
1237,1237,Luke,Kramer,No Phone,luke.kramer@hotmail.com,18
1238,1238,Edgar,Quinn,No Phone,edgar.quinn@aol.com,67
1239,1239,Tara,Maynard,No Phone,tara.maynard@hotmail.com,87
1240,1240,Bella,Perez,No Phone,bella.perez@msn.com,39
1241,1241,Nathaniel,Davidson,No Phone,nathaniel.davidson@hotmail.com,143
1242,1242,Chauncey,Donaldson,No Phone,chauncey.donaldson@aol.com,57
1243,1243,Heide,Reed,No Phone,heide.reed@yahoo.com,52
1244,1244,Trang,Hardin,No Phone,trang.hardin@yahoo.com,37
1245,1245,Gabriela,Warren,(562) 986-2247,gabriela.warren@aol.com,90
1246,1246,Dale,Rasmussen,No Phone,dale.rasmussen@aol.com,82
1247,1247,Tammie,Cherry,No Phone,tammie.cherry@hotmail.com,96
1248,1248,Bethany,Herring,No Phone,bethany.herring@yahoo.com,131
1249,1249,Barbra,Dickerson,No Phone,barbra.dickerson@gmail.com,139
1250,1250,Neoma,Daugherty,No Phone,neoma.daugherty@gmail.com,103
1251,1251,Nanette,Roman,No Phone,nanette.roman@yahoo.com,65
1252,1252,Adriene,Rollins,No Phone,adriene.rollins@msn.com,126
1253,1253,Susannah,Fields,No Phone,susannah.fields@hotmail.com,50
1254,1254,Dung,Reid,No Phone,dung.reid@msn.com,25
1255,1255,Ben,Stone,No Phone,ben.stone@gmail.com,78
1256,1256,Nubia,Anderson,No Phone,nubia.anderson@aol.com,144
1257,1257,Rosamaria,Meyer,No Phone,rosamaria.meyer@yahoo.com,185
1258,1258,Todd,Waters,No Phone,todd.waters@yahoo.com,15
1259,1259,Kimbery,Nieves,No Phone,kimbery.nieves@msn.com,151
1260,1260,Phuong,Wolf,No Phone,phuong.wolf@yahoo.com,161
1261,1261,Adelaida,Hancock,No Phone,adelaida.hancock@aol.com,155
1262,1262,Brianne,Hays,No Phone,brianne.hays@gmail.com,155
1263,1263,Rufina,Chandler,No Phone,rufina.chandler@aol.com,107
1264,1264,Devin,Velazquez,(631) 254-8497,devin.velazquez@aol.com,19
1265,1265,Bonita,Marshall,No Phone,bonita.marshall@msn.com,47
1266,1266,Myrl,Gay,No Phone,myrl.gay@hotmail.com,63
1267,1267,Earline,Gordon,No Phone,earline.gordon@gmail.com,144
1268,1268,Sung,Chambers,No Phone,sung.chambers@gmail.com,82
1269,1269,Gustavo,Gamble,No Phone,gustavo.gamble@msn.com,132
1270,1270,Ciera,Webb,No Phone,ciera.webb@yahoo.com,118
1271,1271,Roy,Chan,No Phone,roy.chan@hotmail.com,129
1272,1272,Houston,Vasquez,No Phone,houston.vasquez@msn.com,61
1273,1273,Cheree,Hale,No Phone,cheree.hale@yahoo.com,120
1274,1274,Odette,Moses,No Phone,odette.moses@gmail.com,111
1275,1275,Lenita,Bonner,No Phone,lenita.bonner@aol.com,93
1276,1276,Shona,Mcmillan,No Phone,shona.mcmillan@msn.com,6
1277,1277,Piedad,Irwin,No Phone,piedad.irwin@hotmail.com,33
1278,1278,Loan,Graham,No Phone,loan.graham@yahoo.com,79
1279,1279,Stan,Saunders,No Phone,stan.saunders@yahoo.com,24
1280,1280,Jackeline,Colon,No Phone,jackeline.colon@msn.com,184
1281,1281,Marlen,Dawson,No Phone,marlen.dawson@msn.com,192
1282,1282,Alexis,Mack,(845) 707-6088,alexis.mack@aol.com,106
1283,1283,Mica,Barry,No Phone,mica.barry@yahoo.com,73
1284,1284,Shanice,Spears,No Phone,shanice.spears@msn.com,21
1285,1285,Garth,Huff,No Phone,garth.huff@yahoo.com,65
1286,1286,Dione,Pratt,No Phone,dione.pratt@msn.com,128
1287,1287,Victor,Pittman,No Phone,victor.pittman@aol.com,7
1288,1288,Allie,Conley,No Phone,allie.conley@msn.com,85
1289,1289,Shanelle,Anderson,No Phone,shanelle.anderson@yahoo.com,18
1290,1290,Minnie,Compton,No Phone,minnie.compton@gmail.com,167
1291,1291,Shiloh,Bates,No Phone,shiloh.bates@msn.com,102
1292,1292,Lakenya,Oliver,No Phone,lakenya.oliver@yahoo.com,154
1293,1293,Sally,Kinney,No Phone,sally.kinney@msn.com,52
1294,1294,Edith,Davenport,No Phone,edith.davenport@gmail.com,117
1295,1295,Alline,Beasley,No Phone,alline.beasley@yahoo.com,113
1296,1296,Travis,Whitley,No Phone,travis.whitley@aol.com,148
1297,1297,Vanessa,West,No Phone,vanessa.west@gmail.com,108
1298,1298,Trudy,Riddle,No Phone,trudy.riddle@aol.com,161
1299,1299,Shauna,Edwards,No Phone,shauna.edwards@msn.com,194
1300,1300,Clorinda,Donovan,No Phone,clorinda.donovan@msn.com,81
1301,1301,Raven,Curtis,No Phone,raven.curtis@aol.com,85
1302,1302,Verda,Gilbert,No Phone,verda.gilbert@gmail.com,42
1303,1303,Renay,Atkins,No Phone,renay.atkins@aol.com,192
1304,1304,Tama,Berg,No Phone,tama.berg@hotmail.com,72
1305,1305,Dalia,Carson,(507) 186-2004,dalia.carson@aol.com,140
1306,1306,America,Swanson,No Phone,america.swanson@msn.com,185
1307,1307,Cinda,Rocha,No Phone,cinda.rocha@hotmail.com,93
1308,1308,Shea,Howell,No Phone,shea.howell@msn.com,165
1309,1309,Kimberli,Cline,No Phone,kimberli.cline@yahoo.com,27
1310,1310,Emanuel,Mckee,No Phone,emanuel.mckee@yahoo.com,161
1311,1311,Whitley,Cannon,No Phone,whitley.cannon@msn.com,33
1312,1312,Tereasa,Bird,No Phone,tereasa.bird@aol.com,144
1313,1313,Dante,Grimes,No Phone,dante.grimes@yahoo.com,39
1314,1314,Joeann,Garrison,No Phone,joeann.garrison@yahoo.com,117
1315,1315,Omega,Johnston,No Phone,omega.johnston@gmail.com,25
1316,1316,Conrad,Mueller,No Phone,conrad.mueller@yahoo.com,96
1317,1317,Glady,Wells,No Phone,glady.wells@gmail.com,173
1318,1318,Tisha,Petty,(210) 851-3122,tisha.petty@msn.com,150
1319,1319,Claris,Santiago,No Phone,claris.santiago@msn.com,111
1320,1320,Obdulia,Barber,No Phone,obdulia.barber@gmail.com,111
1321,1321,Shantel,Gregory,No Phone,shantel.gregory@yahoo.com,188
1322,1322,Ai,Forbes,No Phone,ai.forbes@yahoo.com,57
1323,1323,Ebony,Cotton,No Phone,ebony.cotton@yahoo.com,186
1324,1324,Arla,Ellis,No Phone,arla.ellis@yahoo.com,179
1325,1325,Magdalena,Sherman,No Phone,magdalena.sherman@gmail.com,120
1326,1326,Tarra,Guerrero,No Phone,tarra.guerrero@aol.com,9
1327,1327,Consuela,Romero,No Phone,consuela.romero@hotmail.com,101
1328,1328,Cindie,Franklin,No Phone,cindie.franklin@yahoo.com,85
1329,1329,Sharyn,Brewer,No Phone,sharyn.brewer@aol.com,72
1330,1330,Karren,Stevenson,No Phone,karren.stevenson@aol.com,151
1331,1331,Divina,Reeves,No Phone,divina.reeves@hotmail.com,111
1332,1332,Novella,Ross,No Phone,novella.ross@gmail.com,65
1333,1333,Omega,Huff,No Phone,omega.huff@aol.com,158
1334,1334,Ashleigh,Finch,No Phone,ashleigh.finch@yahoo.com,111
1335,1335,Corina,Lynch,No Phone,corina.lynch@msn.com,145
1336,1336,Joe,Melton,No Phone,joe.melton@gmail.com,109
1337,1337,Bernetta,Summers,No Phone,bernetta.summers@aol.com,91
1338,1338,Inez,Snider,No Phone,inez.snider@gmail.com,144
1339,1339,Neida,King,(442) 778-1121,neida.king@aol.com,116
1340,1340,Tona,Velasquez,No Phone,tona.velasquez@msn.com,190
1341,1341,Rozanne,Reyes,No Phone,rozanne.reyes@aol.com,62
1342,1342,Lekisha,Pope,No Phone,lekisha.pope@msn.com,58
1343,1343,Jama,Rodriquez,No Phone,jama.rodriquez@msn.com,178
1344,1344,Eloisa,Tucker,No Phone,eloisa.tucker@hotmail.com,75
1345,1345,Arie,Hunter,No Phone,arie.hunter@msn.com,53
1346,1346,Sanora,Webster,(424) 464-7290,sanora.webster@msn.com,92
1347,1347,Kate,Barber,No Phone,kate.barber@hotmail.com,159
1348,1348,Yvone,Guerrero,No Phone,yvone.guerrero@aol.com,99
1349,1349,Kami,Rios,No Phone,kami.rios@yahoo.com,46
1350,1350,Annett,Rush,No Phone,annett.rush@hotmail.com,145
1351,1351,Carman,Hardy,No Phone,carman.hardy@yahoo.com,81
1352,1352,Dorothea,Miranda,No Phone,dorothea.miranda@aol.com,178
1353,1353,Agatha,Daniels,No Phone,agatha.daniels@yahoo.com,165
1354,1354,Alexandria,Zamora,No Phone,alexandria.zamora@yahoo.com,161
1355,1355,Thad,Gilliam,No Phone,thad.gilliam@hotmail.com,86
1356,1356,Inger,Jennings,No Phone,inger.jennings@yahoo.com,124
1357,1357,Karren,Lamb,(559) 628-2239,karren.lamb@aol.com,60
1358,1358,Noble,Glover,No Phone,noble.glover@gmail.com,118
1359,1359,Octavia,Donaldson,No Phone,octavia.donaldson@hotmail.com,86
1360,1360,Latashia,Travis,No Phone,latashia.travis@yahoo.com,178
1361,1361,Destiny,Goodman,No Phone,destiny.goodman@msn.com,189
1362,1362,Christiana,Gross,No Phone,christiana.gross@yahoo.com,118
1363,1363,Nestor,Haynes,(281) 969-4579,nestor.haynes@msn.com,74
1364,1364,Grisel,Maynard,No Phone,grisel.maynard@msn.com,13
1365,1365,Shenna,Espinoza,No Phone,shenna.espinoza@gmail.com,134
1366,1366,Trena,Rogers,No Phone,trena.rogers@aol.com,23
1367,1367,Lucile,Manning,No Phone,lucile.manning@yahoo.com,23
1368,1368,Veronique,Fulton,No Phone,veronique.fulton@yahoo.com,13
1369,1369,Starr,Schneider,No Phone,starr.schneider@aol.com,163
1370,1370,Rona,Rojas,(408) 611-3553,rona.rojas@gmail.com,153
1371,1371,Pandora,Estes,No Phone,pandora.estes@aol.com,107
1372,1372,Renna,Williams,No Phone,renna.williams@hotmail.com,166
1373,1373,Lanora,Robbins,No Phone,lanora.robbins@hotmail.com,186
1374,1374,Juliane,Dillard,No Phone,juliane.dillard@aol.com,65
1375,1375,Carlena,Salinas,No Phone,carlena.salinas@gmail.com,80
1376,1376,Kimberley,Reynolds,No Phone,kimberley.reynolds@aol.com,132
1377,1377,Johana,Jacobson,(507) 407-9384,johana.jacobson@gmail.com,140
1378,1378,Enoch,Rosario,(559) 329-7615,enoch.rosario@hotmail.com,60
1379,1379,Dorine,Thornton,No Phone,dorine.thornton@gmail.com,172
1380,1380,Eliz,Lynch,No Phone,eliz.lynch@hotmail.com,177
1381,1381,Mercedez,Brooks,No Phone,mercedez.brooks@hotmail.com,39
1382,1382,Wynona,Douglas,No Phone,wynona.douglas@msn.com,67
1383,1383,Desire,Mcgowan,(661) 800-8091,desire.mcgowan@msn.com,10
1384,1384,Elmo,Sweeney,No Phone,elmo.sweeney@yahoo.com,151
1385,1385,Kenton,Hughes,No Phone,kenton.hughes@gmail.com,24
1386,1386,Cesar,Wilkins,(619) 685-5786,cesar.wilkins@hotmail.com,152
1387,1387,Phylicia,Stout,No Phone,phylicia.stout@aol.com,24
1388,1388,Nanette,Harris,No Phone,nanette.harris@hotmail.com,41
1389,1389,Ulrike,Chan,No Phone,ulrike.chan@aol.com,130
1390,1390,Genoveva,Lloyd,No Phone,genoveva.lloyd@aol.com,16
1391,1391,Sheryl,Chase,No Phone,sheryl.chase@gmail.com,52
1392,1392,Trista,Lambert,No Phone,trista.lambert@gmail.com,49
1393,1393,Vivian,Deleon,No Phone,vivian.deleon@msn.com,80
1394,1394,Genny,Fields,No Phone,genny.fields@msn.com,3
1395,1395,Eliseo,Knight,No Phone,eliseo.knight@msn.com,191
1396,1396,Delma,Bailey,(657) 454-8493,delma.bailey@gmail.com,5
1397,1397,Dewayne,Herring,No Phone,dewayne.herring@aol.com,185
1398,1398,Nevada,Hood,No Phone,nevada.hood@aol.com,73
1399,1399,Angelika,Perry,No Phone,angelika.perry@msn.com,24
1400,1400,Shayla,Hart,No Phone,shayla.hart@msn.com,191
1401,1401,Willetta,Murphy,No Phone,willetta.murphy@msn.com,40
1402,1402,Sandee,Alvarado,No Phone,sandee.alvarado@aol.com,37
1403,1403,Mila,Moody,(248) 234-5902,mila.moody@gmail.com,176
1404,1404,Loyce,Conway,No Phone,loyce.conway@aol.com,28
1405,1405,Thanh,Figueroa,No Phone,thanh.figueroa@yahoo.com,103
1406,1406,Farrah,Orr,No Phone,farrah.orr@msn.com,107
1407,1407,Hugh,Craft,No Phone,hugh.craft@msn.com,27
1408,1408,Eleanor,Mendez,No Phone,eleanor.mendez@yahoo.com,130
1409,1409,Lamar,Bush,(716) 294-7174,lamar.bush@msn.com,22
1410,1410,Lurlene,Finch,(914) 367-7691,lurlene.finch@msn.com,193
1411,1411,Shanda,Stevenson,No Phone,shanda.stevenson@yahoo.com,58
1412,1412,Adrien,Hunter,No Phone,adrien.hunter@yahoo.com,136
1413,1413,Ophelia,Decker,No Phone,ophelia.decker@yahoo.com,109
1414,1414,Sonja,Walls,No Phone,sonja.walls@aol.com,134
1415,1415,Harold,O'connor,No Phone,harold.o'connor@gmail.com,157
1416,1416,Miranda,Kennedy,No Phone,miranda.kennedy@gmail.com,7
1417,1417,Jasper,Castro,No Phone,jasper.castro@aol.com,55
1418,1418,Penni,Best,(657) 611-2991,penni.best@msn.com,5
1419,1419,Lurlene,Cotton,No Phone,lurlene.cotton@yahoo.com,128
1420,1420,Kelsey,Noble,No Phone,kelsey.noble@hotmail.com,103
1421,1421,Edris,Barrett,No Phone,edris.barrett@hotmail.com,127
1422,1422,Tempie,Jacobson,No Phone,tempie.jacobson@hotmail.com,164
1423,1423,Dollie,Cervantes,(682) 362-7457,dollie.cervantes@aol.com,56
1424,1424,Lashunda,Cole,No Phone,lashunda.cole@hotmail.com,102
1425,1425,Justina,Jenkins,No Phone,justina.jenkins@msn.com,163
1426,1426,Londa,Gould,(361) 206-5550,londa.gould@aol.com,35
1427,1427,Mikel,Wilkerson,No Phone,mikel.wilkerson@msn.com,8
1428,1428,Carola,Johns,No Phone,carola.johns@msn.com,157
1429,1429,Lorrie,Justice,No Phone,lorrie.justice@gmail.com,129
1430,1430,Tayna,Wade,(661) 858-1224,tayna.wade@hotmail.com,10
1431,1431,Mark,Benton,No Phone,mark.benton@aol.com,40
1432,1432,Zona,Cameron,No Phone,zona.cameron@aol.com,42
1433,1433,Nicola,Knight,No Phone,nicola.knight@aol.com,160
1434,1434,Elana,Miles,No Phone,elana.miles@yahoo.com,88
1435,1435,Merrie,Fowler,No Phone,merrie.fowler@aol.com,160
1436,1436,Macie,Ayers,No Phone,macie.ayers@msn.com,17
1437,1437,Son,Warner,No Phone,son.warner@hotmail.com,142
1438,1438,Lee,Dunn,(408) 807-6157,lee.dunn@aol.com,153
1439,1439,Florrie,Little,No Phone,florrie.little@yahoo.com,108
1440,1440,Ernest,Rollins,No Phone,ernest.rollins@yahoo.com,115
1441,1441,Jamaal,Morrison,No Phone,jamaal.morrison@msn.com,170
1442,1442,Cassie,Cline,No Phone,cassie.cline@gmail.com,21
1443,1443,Lezlie,Lamb,No Phone,lezlie.lamb@gmail.com,28
1444,1444,Ivette,Estes,No Phone,ivette.estes@gmail.com,24
1445,1445,Ester,Acevedo,No Phone,ester.acevedo@gmail.com,154
